833171.BJ,SW1交通运输
872351.BJ,SW1交通运输
600004.SH,SW1交通运输
600009.SH,SW1交通运输
600012.SH,SW1交通运输
600017.SH,SW1交通运输
600018.SH,SW1交通运输
600020.SH,SW1交通运输
600026.SH,SW1交通运输
600029.SH,SW1交通运输
600033.SH,SW1交通运输
600035.SH,SW1交通运输
600057.SH,SW1交通运输
600106.SH,SW1交通运输
600115.SH,SW1交通运输
600119.SH,SW1交通运输
600125.SH,SW1交通运输
600153.SH,SW1交通运输
600179.SH,SW1交通运输
600180.SH,SW1交通运输
600190.SH,SW1交通运输
600221.SH,SW1交通运输
600233.SH,SW1交通运输
600269.SH,SW1交通运输
600279.SH,SW1交通运输
600350.SH,SW1交通运输
600368.SH,SW1交通运输
600377.SH,SW1交通运输
600428.SH,SW1交通运输
600548.SH,SW1交通运输
600561.SH,SW1交通运输
600611.SH,SW1交通运输
600650.SH,SW1交通运输
600704.SH,SW1交通运输
600717.SH,SW1交通运输
600751.SH,SW1交通运输
600753.SH,SW1交通运输
600755.SH,SW1交通运输
600787.SH,SW1交通运输
600794.SH,SW1交通运输
600798.SH,SW1交通运输
600834.SH,SW1交通运输
600897.SH,SW1交通运输
601000.SH,SW1交通运输
601006.SH,SW1交通运输
601008.SH,SW1交通运输
601018.SH,SW1交通运输
601021.SH,SW1交通运输
601022.SH,SW1交通运输
601083.SH,SW1交通运输
601107.SH,SW1交通运输
601111.SH,SW1交通运输
601156.SH,SW1交通运输
601188.SH,SW1交通运输
601228.SH,SW1交通运输
601298.SH,SW1交通运输
601326.SH,SW1交通运输
601333.SH,SW1交通运输
601518.SH,SW1交通运输
601598.SH,SW1交通运输
601816.SH,SW1交通运输
601866.SH,SW1交通运输
601872.SH,SW1交通运输
601880.SH,SW1交通运输
601919.SH,SW1交通运输
601975.SH,SW1交通运输
603056.SH,SW1交通运输
603066.SH,SW1交通运输
603069.SH,SW1交通运输
603117.SH,SW1交通运输
603128.SH,SW1交通运输
603162.SH,SW1交通运输
603167.SH,SW1交通运输
603209.SH,SW1交通运输
603329.SH,SW1交通运输
603535.SH,SW1交通运输
603565.SH,SW1交通运输
603569.SH,SW1交通运输
603648.SH,SW1交通运输
603713.SH,SW1交通运输
603813.SH,SW1交通运输
603836.SH,SW1交通运输
603871.SH,SW1交通运输
603885.SH,SW1交通运输
603967.SH,SW1交通运输
605050.SH,SW1交通运输
000088.SZ,SW1交通运输
000089.SZ,SW1交通运输
000099.SZ,SW1交通运输
000429.SZ,SW1交通运输
000520.SZ,SW1交通运输
000548.SZ,SW1交通运输
000557.SZ,SW1交通运输
000582.SZ,SW1交通运输
000626.SZ,SW1交通运输
000755.SZ,SW1交通运输
000828.SZ,SW1交通运输
000900.SZ,SW1交通运输
000905.SZ,SW1交通运输
000906.SZ,SW1交通运输
001202.SZ,SW1交通运输
001205.SZ,SW1交通运输
001213.SZ,SW1交通运输
001228.SZ,SW1交通运输
001317.SZ,SW1交通运输
001391.SZ,SW1交通运输
001872.SZ,SW1交通运输
001965.SZ,SW1交通运输
002010.SZ,SW1交通运输
002040.SZ,SW1交通运输
002120.SZ,SW1交通运输
002320.SZ,SW1交通运输
002352.SZ,SW1交通运输
002357.SZ,SW1交通运输
002468.SZ,SW1交通运输
002492.SZ,SW1交通运输
002627.SZ,SW1交通运输
002682.SZ,SW1交通运输
002769.SZ,SW1交通运输
002800.SZ,SW1交通运输
002889.SZ,SW1交通运输
002928.SZ,SW1交通运输
002930.SZ,SW1交通运输
300013.SZ,SW1交通运输
300240.SZ,SW1交通运输
300350.SZ,SW1交通运输
300873.SZ,SW1交通运输
834021.BJ,SW1传媒
600037.SH,SW1传媒
600088.SH,SW1传媒
600228.SH,SW1传媒
600229.SH,SW1传媒
600358.SH,SW1传媒
600373.SH,SW1传媒
600551.SH,SW1传媒
600556.SH,SW1传媒
600633.SH,SW1传媒
600637.SH,SW1传媒
600640.SH,SW1传媒
600715.SH,SW1传媒
600757.SH,SW1传媒
600825.SH,SW1传媒
600831.SH,SW1传媒
600892.SH,SW1传媒
600936.SH,SW1传媒
600959.SH,SW1传媒
600977.SH,SW1传媒
600986.SH,SW1传媒
600996.SH,SW1传媒
601019.SH,SW1传媒
601098.SH,SW1传媒
601595.SH,SW1传媒
601801.SH,SW1传媒
601811.SH,SW1传媒
601858.SH,SW1传媒
601900.SH,SW1传媒
601921.SH,SW1传媒
601928.SH,SW1传媒
601929.SH,SW1传媒
601949.SH,SW1传媒
601999.SH,SW1传媒
603000.SH,SW1传媒
603096.SH,SW1传媒
603103.SH,SW1传媒
603230.SH,SW1传媒
603258.SH,SW1传媒
603444.SH,SW1传媒
603466.SH,SW1传媒
603533.SH,SW1传媒
603598.SH,SW1传媒
603721.SH,SW1传媒
603729.SH,SW1传媒
603825.SH,SW1传媒
603888.SH,SW1传媒
603999.SH,SW1传媒
605168.SH,SW1传媒
605577.SH,SW1传媒
000156.SZ,SW1传媒
000607.SZ,SW1传媒
000665.SZ,SW1传媒
000676.SZ,SW1传媒
000681.SZ,SW1传媒
000719.SZ,SW1传媒
000793.SZ,SW1传媒
000802.SZ,SW1传媒
000892.SZ,SW1传媒
000917.SZ,SW1传媒
001330.SZ,SW1传媒
002027.SZ,SW1传媒
002095.SZ,SW1传媒
002174.SZ,SW1传媒
002181.SZ,SW1传媒
002238.SZ,SW1传媒
002264.SZ,SW1传媒
002291.SZ,SW1传媒
002292.SZ,SW1传媒
002343.SZ,SW1传媒
002354.SZ,SW1传媒
002400.SZ,SW1传媒
002425.SZ,SW1传媒
002517.SZ,SW1传媒
002555.SZ,SW1传媒
002558.SZ,SW1传媒
002602.SZ,SW1传媒
002605.SZ,SW1传媒
002624.SZ,SW1传媒
002712.SZ,SW1传媒
002739.SZ,SW1传媒
002878.SZ,SW1传媒
002905.SZ,SW1传媒
002919.SZ,SW1传媒
002995.SZ,SW1传媒
300002.SZ,SW1传媒
300027.SZ,SW1传媒
300031.SZ,SW1传媒
300043.SZ,SW1传媒
300052.SZ,SW1传媒
300058.SZ,SW1传媒
300061.SZ,SW1传媒
300063.SZ,SW1传媒
300071.SZ,SW1传媒
300113.SZ,SW1传媒
300133.SZ,SW1传媒
300148.SZ,SW1传媒
300182.SZ,SW1传媒
300242.SZ,SW1传媒
300251.SZ,SW1传媒
300280.SZ,SW1传媒
300291.SZ,SW1传媒
300295.SZ,SW1传媒
300299.SZ,SW1传媒
300315.SZ,SW1传媒
300364.SZ,SW1传媒
300413.SZ,SW1传媒
300418.SZ,SW1传媒
300426.SZ,SW1传媒
300459.SZ,SW1传媒
300467.SZ,SW1传媒
300494.SZ,SW1传媒
300528.SZ,SW1传媒
300533.SZ,SW1传媒
300612.SZ,SW1传媒
300654.SZ,SW1传媒
300770.SZ,SW1传媒
300781.SZ,SW1传媒
300785.SZ,SW1传媒
300788.SZ,SW1传媒
300805.SZ,SW1传媒
300987.SZ,SW1传媒
301025.SZ,SW1传媒
301052.SZ,SW1传媒
301102.SZ,SW1传媒
301171.SZ,SW1传媒
301231.SZ,SW1传媒
301262.SZ,SW1传媒
301299.SZ,SW1传媒
301313.SZ,SW1传媒
301551.SZ,SW1传媒
831010.BJ,SW1公用事业
834014.BJ,SW1公用事业
600011.SH,SW1公用事业
600021.SH,SW1公用事业
600023.SH,SW1公用事业
600025.SH,SW1公用事业
600027.SH,SW1公用事业
600032.SH,SW1公用事业
600052.SH,SW1公用事业
600098.SH,SW1公用事业
600101.SH,SW1公用事业
600116.SH,SW1公用事业
600149.SH,SW1公用事业
600163.SH,SW1公用事业
600167.SH,SW1公用事业
600226.SH,SW1公用事业
600236.SH,SW1公用事业
600310.SH,SW1公用事业
600333.SH,SW1公用事业
600396.SH,SW1公用事业
600452.SH,SW1公用事业
600475.SH,SW1公用事业
600483.SH,SW1公用事业
600505.SH,SW1公用事业
600509.SH,SW1公用事业
600578.SH,SW1公用事业
600617.SH,SW1公用事业
600635.SH,SW1公用事业
600642.SH,SW1公用事业
600644.SH,SW1公用事业
600674.SH,SW1公用事业
600681.SH,SW1公用事业
600719.SH,SW1公用事业
600726.SH,SW1公用事业
600744.SH,SW1公用事业
600780.SH,SW1公用事业
600795.SH,SW1公用事业
600803.SH,SW1公用事业
600821.SH,SW1公用事业
600863.SH,SW1公用事业
600868.SH,SW1公用事业
600886.SH,SW1公用事业
600900.SH,SW1公用事业
600903.SH,SW1公用事业
600905.SH,SW1公用事业
600917.SH,SW1公用事业
600956.SH,SW1公用事业
600969.SH,SW1公用事业
600979.SH,SW1公用事业
600982.SH,SW1公用事业
600995.SH,SW1公用事业
601016.SH,SW1公用事业
601139.SH,SW1公用事业
601222.SH,SW1公用事业
601619.SH,SW1公用事业
601778.SH,SW1公用事业
601908.SH,SW1公用事业
601985.SH,SW1公用事业
601991.SH,SW1公用事业
603053.SH,SW1公用事业
603080.SH,SW1公用事业
603105.SH,SW1公用事业
603318.SH,SW1公用事业
603393.SH,SW1公用事业
603689.SH,SW1公用事业
603693.SH,SW1公用事业
603706.SH,SW1公用事业
605011.SH,SW1公用事业
605028.SH,SW1公用事业
605090.SH,SW1公用事业
605162.SH,SW1公用事业
605169.SH,SW1公用事业
605368.SH,SW1公用事业
605580.SH,SW1公用事业
000027.SZ,SW1公用事业
000037.SZ,SW1公用事业
000155.SZ,SW1公用事业
000407.SZ,SW1公用事业
000507.SZ,SW1公用事业
000531.SZ,SW1公用事业
000537.SZ,SW1公用事业
000539.SZ,SW1公用事业
000543.SZ,SW1公用事业
000591.SZ,SW1公用事业
000593.SZ,SW1公用事业
000600.SZ,SW1公用事业
000601.SZ,SW1公用事业
000669.SZ,SW1公用事业
000690.SZ,SW1公用事业
000692.SZ,SW1公用事业
000722.SZ,SW1公用事业
000767.SZ,SW1公用事业
000791.SZ,SW1公用事业
000803.SZ,SW1公用事业
000862.SZ,SW1公用事业
000875.SZ,SW1公用事业
000883.SZ,SW1公用事业
000899.SZ,SW1公用事业
000966.SZ,SW1公用事业
000993.SZ,SW1公用事业
001210.SZ,SW1公用事业
001258.SZ,SW1公用事业
001286.SZ,SW1公用事业
001289.SZ,SW1公用事业
001299.SZ,SW1公用事业
001331.SZ,SW1公用事业
001376.SZ,SW1公用事业
001896.SZ,SW1公用事业
002015.SZ,SW1公用事业
002039.SZ,SW1公用事业
002053.SZ,SW1公用事业
002060.SZ,SW1公用事业
002218.SZ,SW1公用事业
002256.SZ,SW1公用事业
002259.SZ,SW1公用事业
002267.SZ,SW1公用事业
002479.SZ,SW1公用事业
002480.SZ,SW1公用事业
002608.SZ,SW1公用事业
002616.SZ,SW1公用事业
002617.SZ,SW1公用事业
002700.SZ,SW1公用事业
002893.SZ,SW1公用事业
002911.SZ,SW1公用事业
003035.SZ,SW1公用事业
003816.SZ,SW1公用事业
300040.SZ,SW1公用事业
300125.SZ,SW1公用事业
300317.SZ,SW1公用事业
300332.SZ,SW1公用事业
300335.SZ,SW1公用事业
300435.SZ,SW1公用事业
300483.SZ,SW1公用事业
830964.BJ,SW1农林牧渔
831087.BJ,SW1农林牧渔
832023.BJ,SW1农林牧渔
832419.BJ,SW1农林牧渔
837403.BJ,SW1农林牧渔
838275.BJ,SW1农林牧渔
839273.BJ,SW1农林牧渔
839371.BJ,SW1农林牧渔
839729.BJ,SW1农林牧渔
871970.BJ,SW1农林牧渔
600097.SH,SW1农林牧渔
600108.SH,SW1农林牧渔
600127.SH,SW1农林牧渔
600191.SH,SW1农林牧渔
600195.SH,SW1农林牧渔
600201.SH,SW1农林牧渔
600251.SH,SW1农林牧渔
600257.SH,SW1农林牧渔
600265.SH,SW1农林牧渔
600313.SH,SW1农林牧渔
600354.SH,SW1农林牧渔
600359.SH,SW1农林牧渔
600371.SH,SW1农林牧渔
600467.SH,SW1农林牧渔
600540.SH,SW1农林牧渔
600598.SH,SW1农林牧渔
600737.SH,SW1农林牧渔
600883.SH,SW1农林牧渔
600962.SH,SW1农林牧渔
600965.SH,SW1农林牧渔
600975.SH,SW1农林牧渔
601118.SH,SW1农林牧渔
601952.SH,SW1农林牧渔
603151.SH,SW1农林牧渔
603182.SH,SW1农林牧渔
603231.SH,SW1农林牧渔
603336.SH,SW1农林牧渔
603363.SH,SW1农林牧渔
603477.SH,SW1农林牧渔
603566.SH,SW1农林牧渔
603609.SH,SW1农林牧渔
603668.SH,SW1农林牧渔
603718.SH,SW1农林牧渔
605198.SH,SW1农林牧渔
605296.SH,SW1农林牧渔
688098.SH,SW1农林牧渔
688156.SH,SW1农林牧渔
688526.SH,SW1农林牧渔
000019.SZ,SW1农林牧渔
000505.SZ,SW1农林牧渔
000592.SZ,SW1农林牧渔
000663.SZ,SW1农林牧渔
000702.SZ,SW1农林牧渔
000713.SZ,SW1农林牧渔
000735.SZ,SW1农林牧渔
000798.SZ,SW1农林牧渔
000876.SZ,SW1农林牧渔
000911.SZ,SW1农林牧渔
000930.SZ,SW1农林牧渔
000972.SZ,SW1农林牧渔
000998.SZ,SW1农林牧渔
001201.SZ,SW1农林牧渔
001313.SZ,SW1农林牧渔
001338.SZ,SW1农林牧渔
001366.SZ,SW1农林牧渔
002041.SZ,SW1农林牧渔
002069.SZ,SW1农林牧渔
002100.SZ,SW1农林牧渔
002124.SZ,SW1农林牧渔
002141.SZ,SW1农林牧渔
002157.SZ,SW1农林牧渔
002215.SZ,SW1农林牧渔
002234.SZ,SW1农林牧渔
002286.SZ,SW1农林牧渔
002299.SZ,SW1农林牧渔
002311.SZ,SW1农林牧渔
002321.SZ,SW1农林牧渔
002385.SZ,SW1农林牧渔
002458.SZ,SW1农林牧渔
002481.SZ,SW1农林牧渔
002548.SZ,SW1农林牧渔
002556.SZ,SW1农林牧渔
002567.SZ,SW1农林牧渔
002679.SZ,SW1农林牧渔
002688.SZ,SW1农林牧渔
002696.SZ,SW1农林牧渔
002714.SZ,SW1农林牧渔
002746.SZ,SW1农林牧渔
002772.SZ,SW1农林牧渔
002852.SZ,SW1农林牧渔
002868.SZ,SW1农林牧渔
002891.SZ,SW1农林牧渔
002982.SZ,SW1农林牧渔
003030.SZ,SW1农林牧渔
300021.SZ,SW1农林牧渔
300087.SZ,SW1农林牧渔
300094.SZ,SW1农林牧渔
300119.SZ,SW1农林牧渔
300138.SZ,SW1农林牧渔
300175.SZ,SW1农林牧渔
300189.SZ,SW1农林牧渔
300268.SZ,SW1农林牧渔
300313.SZ,SW1农林牧渔
300498.SZ,SW1农林牧渔
300511.SZ,SW1农林牧渔
300673.SZ,SW1农林牧渔
300761.SZ,SW1农林牧渔
300871.SZ,SW1农林牧渔
300967.SZ,SW1农林牧渔
300970.SZ,SW1农林牧渔
300999.SZ,SW1农林牧渔
301116.SZ,SW1农林牧渔
301498.SZ,SW1农林牧渔
430017.BJ,SW1医药生物
430047.BJ,SW1医药生物
430300.BJ,SW1医药生物
430478.BJ,SW1医药生物
830946.BJ,SW1医药生物
832278.BJ,SW1医药生物
832566.BJ,SW1医药生物
832735.BJ,SW1医药生物
833230.BJ,SW1医药生物
833266.BJ,SW1医药生物
833575.BJ,SW1医药生物
835670.BJ,SW1医药生物
835892.BJ,SW1医药生物
836433.BJ,SW1医药生物
836504.BJ,SW1医药生物
836547.BJ,SW1医药生物
837344.BJ,SW1医药生物
870656.BJ,SW1医药生物
872925.BJ,SW1医药生物
873167.BJ,SW1医药生物
600055.SH,SW1医药生物
600056.SH,SW1医药生物
600062.SH,SW1医药生物
600079.SH,SW1医药生物
600080.SH,SW1医药生物
600085.SH,SW1医药生物
600129.SH,SW1医药生物
600161.SH,SW1医药生物
600196.SH,SW1医药生物
600200.SH,SW1医药生物
600211.SH,SW1医药生物
600216.SH,SW1医药生物
600222.SH,SW1医药生物
600252.SH,SW1医药生物
600267.SH,SW1医药生物
600272.SH,SW1医药生物
600276.SH,SW1医药生物
600285.SH,SW1医药生物
600329.SH,SW1医药生物
600332.SH,SW1医药生物
600351.SH,SW1医药生物
600380.SH,SW1医药生物
600420.SH,SW1医药生物
600422.SH,SW1医药生物
600436.SH,SW1医药生物
600479.SH,SW1医药生物
600488.SH,SW1医药生物
600511.SH,SW1医药生物
600513.SH,SW1医药生物
600518.SH,SW1医药生物
600521.SH,SW1医药生物
600529.SH,SW1医药生物
600535.SH,SW1医药生物
600538.SH,SW1医药生物
600557.SH,SW1医药生物
600566.SH,SW1医药生物
600568.SH,SW1医药生物
600572.SH,SW1医药生物
600587.SH,SW1医药生物
600594.SH,SW1医药生物
600613.SH,SW1医药生物
600624.SH,SW1医药生物
600645.SH,SW1医药生物
600664.SH,SW1医药生物
600671.SH,SW1医药生物
600713.SH,SW1医药生物
600721.SH,SW1医药生物
600739.SH,SW1医药生物
600750.SH,SW1医药生物
600763.SH,SW1医药生物
600771.SH,SW1医药生物
600774.SH,SW1医药生物
600789.SH,SW1医药生物
600807.SH,SW1医药生物
600812.SH,SW1医药生物
600829.SH,SW1医药生物
600833.SH,SW1医药生物
600851.SH,SW1医药生物
600867.SH,SW1医药生物
600976.SH,SW1医药生物
600993.SH,SW1医药生物
600998.SH,SW1医药生物
601089.SH,SW1医药生物
601607.SH,SW1医药生物
603014.SH,SW1医药生物
603087.SH,SW1医药生物
603108.SH,SW1医药生物
603122.SH,SW1医药生物
603127.SH,SW1医药生物
603139.SH,SW1医药生物
603168.SH,SW1医药生物
603205.SH,SW1医药生物
603207.SH,SW1医药生物
603222.SH,SW1医药生物
603229.SH,SW1医药生物
603233.SH,SW1医药生物
603259.SH,SW1医药生物
603301.SH,SW1医药生物
603309.SH,SW1医药生物
603351.SH,SW1医药生物
603367.SH,SW1医药生物
603368.SH,SW1医药生物
603387.SH,SW1医药生物
603392.SH,SW1医药生物
603439.SH,SW1医药生物
603456.SH,SW1医药生物
603520.SH,SW1医药生物
603538.SH,SW1医药生物
603567.SH,SW1医药生物
603590.SH,SW1医药生物
603658.SH,SW1医药生物
603669.SH,SW1医药生物
603676.SH,SW1医药生物
603707.SH,SW1医药生物
603716.SH,SW1医药生物
603811.SH,SW1医药生物
603858.SH,SW1医药生物
603880.SH,SW1医药生物
603882.SH,SW1医药生物
603883.SH,SW1医药生物
603896.SH,SW1医药生物
603939.SH,SW1医药生物
603976.SH,SW1医药生物
603987.SH,SW1医药生物
603998.SH,SW1医药生物
605116.SH,SW1医药生物
605177.SH,SW1医药生物
605199.SH,SW1医药生物
605266.SH,SW1医药生物
605369.SH,SW1医药生物
605507.SH,SW1医药生物
688013.SH,SW1医药生物
688016.SH,SW1医药生物
688026.SH,SW1医药生物
688029.SH,SW1医药生物
688046.SH,SW1医药生物
688050.SH,SW1医药生物
688062.SH,SW1医药生物
688067.SH,SW1医药生物
688068.SH,SW1医药生物
688073.SH,SW1医药生物
688075.SH,SW1医药生物
688076.SH,SW1医药生物
688085.SH,SW1医药生物
688091.SH,SW1医药生物
688105.SH,SW1医药生物
688108.SH,SW1医药生物
688114.SH,SW1医药生物
688117.SH,SW1医药生物
688131.SH,SW1医药生物
688136.SH,SW1医药生物
688137.SH,SW1医药生物
688139.SH,SW1医药生物
688151.SH,SW1医药生物
688161.SH,SW1医药生物
688163.SH,SW1医药生物
688166.SH,SW1医药生物
688176.SH,SW1医药生物
688177.SH,SW1医药生物
688180.SH,SW1医药生物
688185.SH,SW1医药生物
688189.SH,SW1医药生物
688192.SH,SW1医药生物
688193.SH,SW1医药生物
688197.SH,SW1医药生物
688198.SH,SW1医药生物
688202.SH,SW1医药生物
688212.SH,SW1医药生物
688217.SH,SW1医药生物
688221.SH,SW1医药生物
688222.SH,SW1医药生物
688235.SH,SW1医药生物
688236.SH,SW1医药生物
688238.SH,SW1医药生物
688247.SH,SW1医药生物
688253.SH,SW1医药生物
688265.SH,SW1医药生物
688266.SH,SW1医药生物
688271.SH,SW1医药生物
688273.SH,SW1医药生物
688276.SH,SW1医药生物
688277.SH,SW1医药生物
688278.SH,SW1医药生物
688289.SH,SW1医药生物
688293.SH,SW1医药生物
688298.SH,SW1医药生物
688301.SH,SW1医药生物
688302.SH,SW1医药生物
688314.SH,SW1医药生物
688315.SH,SW1医药生物
688317.SH,SW1医药生物
688319.SH,SW1医药生物
688321.SH,SW1医药生物
688331.SH,SW1医药生物
688336.SH,SW1医药生物
688338.SH,SW1医药生物
688351.SH,SW1医药生物
688356.SH,SW1医药生物
688358.SH,SW1医药生物
688366.SH,SW1医药生物
688373.SH,SW1医药生物
688382.SH,SW1医药生物
688389.SH,SW1医药生物
688393.SH,SW1医药生物
688399.SH,SW1医药生物
688410.SH,SW1医药生物
688426.SH,SW1医药生物
688428.SH,SW1医药生物
688443.SH,SW1医药生物
688468.SH,SW1医药生物
688488.SH,SW1医药生物
688505.SH,SW1医药生物
688506.SH,SW1医药生物
688513.SH,SW1医药生物
688520.SH,SW1医药生物
688553.SH,SW1医药生物
688566.SH,SW1医药生物
688575.SH,SW1医药生物
688576.SH,SW1医药生物
688578.SH,SW1医药生物
688580.SH,SW1医药生物
688581.SH,SW1医药生物
688606.SH,SW1医药生物
688607.SH,SW1医药生物
688613.SH,SW1医药生物
688617.SH,SW1医药生物
688621.SH,SW1医药生物
688626.SH,SW1医药生物
688656.SH,SW1医药生物
688658.SH,SW1医药生物
688670.SH,SW1医药生物
688677.SH,SW1医药生物
688687.SH,SW1医药生物
688690.SH,SW1医药生物
688710.SH,SW1医药生物
688739.SH,SW1医药生物
688755.SH,SW1医药生物
688758.SH,SW1医药生物
688767.SH,SW1医药生物
688799.SH,SW1医药生物
000028.SZ,SW1医药生物
000078.SZ,SW1医药生物
000153.SZ,SW1医药生物
000403.SZ,SW1医药生物
000411.SZ,SW1医药生物
000423.SZ,SW1医药生物
000504.SZ,SW1医药生物
000513.SZ,SW1医药生物
000516.SZ,SW1医药生物
000518.SZ,SW1医药生物
000534.SZ,SW1医药生物
000538.SZ,SW1医药生物
000566.SZ,SW1医药生物
000590.SZ,SW1医药生物
000597.SZ,SW1医药生物
000623.SZ,SW1医药生物
000650.SZ,SW1医药生物
000661.SZ,SW1医药生物
000705.SZ,SW1医药生物
000710.SZ,SW1医药生物
000739.SZ,SW1医药生物
000756.SZ,SW1医药生物
000766.SZ,SW1医药生物
000788.SZ,SW1医药生物
000790.SZ,SW1医药生物
000813.SZ,SW1医药生物
000908.SZ,SW1医药生物
000915.SZ,SW1医药生物
000919.SZ,SW1医药生物
000931.SZ,SW1医药生物
000950.SZ,SW1医药生物
000952.SZ,SW1医药生物
000953.SZ,SW1医药生物
000963.SZ,SW1医药生物
000989.SZ,SW1医药生物
000999.SZ,SW1医药生物
001367.SZ,SW1医药生物
002004.SZ,SW1医药生物
002007.SZ,SW1医药生物
002019.SZ,SW1医药生物
002020.SZ,SW1医药生物
002022.SZ,SW1医药生物
002030.SZ,SW1医药生物
002038.SZ,SW1医药生物
002044.SZ,SW1医药生物
002082.SZ,SW1医药生物
002086.SZ,SW1医药生物
002099.SZ,SW1医药生物
002102.SZ,SW1医药生物
002107.SZ,SW1医药生物
002172.SZ,SW1医药生物
002173.SZ,SW1医药生物
002198.SZ,SW1医药生物
002219.SZ,SW1医药生物
002223.SZ,SW1医药生物
002252.SZ,SW1医药生物
002262.SZ,SW1医药生物
002275.SZ,SW1医药生物
002287.SZ,SW1医药生物
002294.SZ,SW1医药生物
002317.SZ,SW1医药生物
002332.SZ,SW1医药生物
002349.SZ,SW1医药生物
002365.SZ,SW1医药生物
002370.SZ,SW1医药生物
002382.SZ,SW1医药生物
002390.SZ,SW1医药生物
002393.SZ,SW1医药生物
002399.SZ,SW1医药生物
002412.SZ,SW1医药生物
002422.SZ,SW1医药生物
002424.SZ,SW1医药生物
002432.SZ,SW1医药生物
002437.SZ,SW1医药生物
002462.SZ,SW1医药生物
002524.SZ,SW1医药生物
002550.SZ,SW1医药生物
002551.SZ,SW1医药生物
002566.SZ,SW1医药生物
002581.SZ,SW1医药生物
002589.SZ,SW1医药生物
002603.SZ,SW1医药生物
002622.SZ,SW1医药生物
002644.SZ,SW1医药生物
002653.SZ,SW1医药生物
002675.SZ,SW1医药生物
002693.SZ,SW1医药生物
002727.SZ,SW1医药生物
002728.SZ,SW1医药生物
002737.SZ,SW1医药生物
002742.SZ,SW1医药生物
002750.SZ,SW1医药生物
002755.SZ,SW1医药生物
002773.SZ,SW1医药生物
002788.SZ,SW1医药生物
002793.SZ,SW1医药生物
002817.SZ,SW1医药生物
002821.SZ,SW1医药生物
002826.SZ,SW1医药生物
002864.SZ,SW1医药生物
002872.SZ,SW1医药生物
002873.SZ,SW1医药生物
002880.SZ,SW1医药生物
002898.SZ,SW1医药生物
002900.SZ,SW1医药生物
002901.SZ,SW1医药生物
002907.SZ,SW1医药生物
002923.SZ,SW1医药生物
002932.SZ,SW1医药生物
002940.SZ,SW1医药生物
002950.SZ,SW1医药生物
003020.SZ,SW1医药生物
300003.SZ,SW1医药生物
300006.SZ,SW1医药生物
300009.SZ,SW1医药生物
300015.SZ,SW1医药生物
300016.SZ,SW1医药生物
300026.SZ,SW1医药生物
300030.SZ,SW1医药生物
300039.SZ,SW1医药生物
300049.SZ,SW1医药生物
300086.SZ,SW1医药生物
300110.SZ,SW1医药生物
300111.SZ,SW1医药生物
300122.SZ,SW1医药生物
300142.SZ,SW1医药生物
300143.SZ,SW1医药生物
300147.SZ,SW1医药生物
300149.SZ,SW1医药生物
300158.SZ,SW1医药生物
300171.SZ,SW1医药生物
300181.SZ,SW1医药生物
300194.SZ,SW1医药生物
300199.SZ,SW1医药生物
300204.SZ,SW1医药生物
300206.SZ,SW1医药生物
300233.SZ,SW1医药生物
300238.SZ,SW1医药生物
300239.SZ,SW1医药生物
300244.SZ,SW1医药生物
300246.SZ,SW1医药生物
300254.SZ,SW1医药生物
300255.SZ,SW1医药生物
300267.SZ,SW1医药生物
300289.SZ,SW1医药生物
300294.SZ,SW1医药生物
300298.SZ,SW1医药生物
300314.SZ,SW1医药生物
300318.SZ,SW1医药生物
300326.SZ,SW1医药生物
300341.SZ,SW1医药生物
300347.SZ,SW1医药生物
300357.SZ,SW1医药生物
300358.SZ,SW1医药生物
300363.SZ,SW1医药生物
300381.SZ,SW1医药生物
300391.SZ,SW1医药生物
300396.SZ,SW1医药生物
300401.SZ,SW1医药生物
300404.SZ,SW1医药生物
300406.SZ,SW1医药生物
300434.SZ,SW1医药生物
300436.SZ,SW1医药生物
300439.SZ,SW1医药生物
300452.SZ,SW1医药生物
300453.SZ,SW1医药生物
300463.SZ,SW1医药生物
300482.SZ,SW1医药生物
300485.SZ,SW1医药生物
300497.SZ,SW1医药生物
300519.SZ,SW1医药生物
300529.SZ,SW1医药生物
300534.SZ,SW1医药生物
300558.SZ,SW1医药生物
300562.SZ,SW1医药生物
300573.SZ,SW1医药生物
300583.SZ,SW1医药生物
300584.SZ,SW1医药生物
300595.SZ,SW1医药生物
300601.SZ,SW1医药生物
300633.SZ,SW1医药生物
300636.SZ,SW1医药生物
300639.SZ,SW1医药生物
300642.SZ,SW1医药生物
300653.SZ,SW1医药生物
300676.SZ,SW1医药生物
300677.SZ,SW1医药生物
300683.SZ,SW1医药生物
300685.SZ,SW1医药生物
300702.SZ,SW1医药生物
300705.SZ,SW1医药生物
300723.SZ,SW1医药生物
300725.SZ,SW1医药生物
300753.SZ,SW1医药生物
300759.SZ,SW1医药生物
300760.SZ,SW1医药生物
300765.SZ,SW1医药生物
300832.SZ,SW1医药生物
300841.SZ,SW1医药生物
300869.SZ,SW1医药生物
300878.SZ,SW1医药生物
300937.SZ,SW1医药生物
300942.SZ,SW1医药生物
300966.SZ,SW1医药生物
300981.SZ,SW1医药生物
301015.SZ,SW1医药生物
301017.SZ,SW1医药生物
301033.SZ,SW1医药生物
301047.SZ,SW1医药生物
301060.SZ,SW1医药生物
301065.SZ,SW1医药生物
301075.SZ,SW1医药生物
301080.SZ,SW1医药生物
301087.SZ,SW1医药生物
301089.SZ,SW1医药生物
301093.SZ,SW1医药生物
301096.SZ,SW1医药生物
301097.SZ,SW1医药生物
301103.SZ,SW1医药生物
301111.SZ,SW1医药生物
301122.SZ,SW1医药生物
301126.SZ,SW1医药生物
301130.SZ,SW1医药生物
301166.SZ,SW1医药生物
301188.SZ,SW1医药生物
301201.SZ,SW1医药生物
301207.SZ,SW1医药生物
301211.SZ,SW1医药生物
301230.SZ,SW1医药生物
301234.SZ,SW1医药生物
301235.SZ,SW1医药生物
301239.SZ,SW1医药生物
301246.SZ,SW1医药生物
301257.SZ,SW1医药生物
301258.SZ,SW1医药生物
301263.SZ,SW1医药生物
301267.SZ,SW1医药生物
301277.SZ,SW1医药生物
301281.SZ,SW1医药生物
301290.SZ,SW1医药生物
301293.SZ,SW1医药生物
301301.SZ,SW1医药生物
301331.SZ,SW1医药生物
301333.SZ,SW1医药生物
301363.SZ,SW1医药生物
301367.SZ,SW1医药生物
301370.SZ,SW1医药生物
301393.SZ,SW1医药生物
301408.SZ,SW1医药生物
301507.SZ,SW1医药生物
301509.SZ,SW1医药生物
301515.SZ,SW1医药生物
301520.SZ,SW1医药生物
301580.SZ,SW1医药生物
301602.SZ,SW1医药生物
600058.SH,SW1商贸零售
600113.SH,SW1商贸零售
600128.SH,SW1商贸零售
600250.SH,SW1商贸零售
600278.SH,SW1商贸零售
600280.SH,SW1商贸零售
600287.SH,SW1商贸零售
600327.SH,SW1商贸零售
600365.SH,SW1商贸零售
600415.SH,SW1商贸零售
600539.SH,SW1商贸零售
600605.SH,SW1商贸零售
600608.SH,SW1商贸零售
600628.SH,SW1商贸零售
600655.SH,SW1商贸零售
600693.SH,SW1商贸零售
600694.SH,SW1商贸零售
600697.SH,SW1商贸零售
600710.SH,SW1商贸零售
600712.SH,SW1商贸零售
600729.SH,SW1商贸零售
600738.SH,SW1商贸零售
600778.SH,SW1商贸零售
600785.SH,SW1商贸零售
600790.SH,SW1商贸零售
600814.SH,SW1商贸零售
600824.SH,SW1商贸零售
600827.SH,SW1商贸零售
600828.SH,SW1商贸零售
600838.SH,SW1商贸零售
600857.SH,SW1商贸零售
600858.SH,SW1商贸零售
600859.SH,SW1商贸零售
600865.SH,SW1商贸零售
600981.SH,SW1商贸零售
601010.SH,SW1商贸零售
601061.SH,SW1商贸零售
601086.SH,SW1商贸零售
601113.SH,SW1商贸零售
601116.SH,SW1商贸零售
601366.SH,SW1商贸零售
601828.SH,SW1商贸零售
601888.SH,SW1商贸零售
601933.SH,SW1商贸零售
603101.SH,SW1商贸零售
603123.SH,SW1商贸零售
603214.SH,SW1商贸零售
603613.SH,SW1商贸零售
603682.SH,SW1商贸零售
603708.SH,SW1商贸零售
605136.SH,SW1商贸零售
605188.SH,SW1商贸零售
000007.SZ,SW1商贸零售
000058.SZ,SW1商贸零售
000061.SZ,SW1商贸零售
000151.SZ,SW1商贸零售
000417.SZ,SW1商贸零售
000419.SZ,SW1商贸零售
000501.SZ,SW1商贸零售
000564.SZ,SW1商贸零售
000679.SZ,SW1商贸零售
000715.SZ,SW1商贸零售
000759.SZ,SW1商贸零售
000785.SZ,SW1商贸零售
000829.SZ,SW1商贸零售
000882.SZ,SW1商贸零售
002024.SZ,SW1商贸零售
002072.SZ,SW1商贸零售
002091.SZ,SW1商贸零售
002127.SZ,SW1商贸零售
002183.SZ,SW1商贸零售
002187.SZ,SW1商贸零售
002251.SZ,SW1商贸零售
002277.SZ,SW1商贸零售
002315.SZ,SW1商贸零售
002336.SZ,SW1商贸零售
002344.SZ,SW1商贸零售
002356.SZ,SW1商贸零售
002416.SZ,SW1商贸零售
002419.SZ,SW1商贸零售
002561.SZ,SW1商贸零售
002640.SZ,SW1商贸零售
002697.SZ,SW1商贸零售
002803.SZ,SW1商贸零售
002818.SZ,SW1商贸零售
003010.SZ,SW1商贸零售
300022.SZ,SW1商贸零售
300464.SZ,SW1商贸零售
300518.SZ,SW1商贸零售
300592.SZ,SW1商贸零售
300622.SZ,SW1商贸零售
300755.SZ,SW1商贸零售
300792.SZ,SW1商贸零售
300947.SZ,SW1商贸零售
301001.SZ,SW1商贸零售
301078.SZ,SW1商贸零售
301110.SZ,SW1商贸零售
301381.SZ,SW1商贸零售
301558.SZ,SW1商贸零售
837006.BJ,SW1国防军工
871642.BJ,SW1国防军工
920008.BJ,SW1国防军工
600038.SH,SW1国防军工
600118.SH,SW1国防军工
600150.SH,SW1国防军工
600184.SH,SW1国防军工
600316.SH,SW1国防军工
600372.SH,SW1国防军工
600391.SH,SW1国防军工
600435.SH,SW1国防军工
600562.SH,SW1国防军工
600590.SH,SW1国防军工
600685.SH,SW1国防军工
600760.SH,SW1国防军工
600764.SH,SW1国防军工
600765.SH,SW1国防军工
600855.SH,SW1国防军工
600862.SH,SW1国防军工
600879.SH,SW1国防军工
600893.SH,SW1国防军工
600967.SH,SW1国防军工
600990.SH,SW1国防军工
601606.SH,SW1国防军工
601698.SH,SW1国防军工
601890.SH,SW1国防军工
601989.SH,SW1国防军工
603261.SH,SW1国防军工
603267.SH,SW1国防军工
603678.SH,SW1国防军工
603712.SH,SW1国防军工
605123.SH,SW1国防军工
688002.SH,SW1国防军工
688011.SH,SW1国防军工
688053.SH,SW1国防军工
688070.SH,SW1国防军工
688081.SH,SW1国防军工
688084.SH,SW1国防军工
688122.SH,SW1国防军工
688132.SH,SW1国防军工
688175.SH,SW1国防军工
688237.SH,SW1国防军工
688239.SH,SW1国防军工
688272.SH,SW1国防军工
688281.SH,SW1国防军工
688282.SH,SW1国防军工
688287.SH,SW1国防军工
688297.SH,SW1国防军工
688311.SH,SW1国防军工
688375.SH,SW1国防军工
688439.SH,SW1国防军工
688510.SH,SW1国防军工
688511.SH,SW1国防军工
688522.SH,SW1国防军工
688523.SH,SW1国防军工
688543.SH,SW1国防军工
688552.SH,SW1国防军工
688563.SH,SW1国防军工
688586.SH,SW1国防军工
688629.SH,SW1国防军工
688636.SH,SW1国防军工
688682.SH,SW1国防军工
688685.SH,SW1国防军工
688708.SH,SW1国防军工
688776.SH,SW1国防军工
688788.SH,SW1国防军工
000519.SZ,SW1国防军工
000547.SZ,SW1国防军工
000561.SZ,SW1国防军工
000576.SZ,SW1国防军工
000638.SZ,SW1国防军工
000697.SZ,SW1国防军工
000733.SZ,SW1国防军工
000738.SZ,SW1国防军工
000768.SZ,SW1国防军工
001270.SZ,SW1国防军工
002023.SZ,SW1国防军工
002025.SZ,SW1国防军工
002111.SZ,SW1国防军工
002151.SZ,SW1国防军工
002179.SZ,SW1国防军工
002189.SZ,SW1国防军工
002214.SZ,SW1国防军工
002231.SZ,SW1国防军工
002297.SZ,SW1国防军工
002338.SZ,SW1国防军工
002383.SZ,SW1国防军工
002389.SZ,SW1国防军工
002413.SZ,SW1国防军工
002414.SZ,SW1国防军工
002446.SZ,SW1国防军工
002465.SZ,SW1国防军工
002519.SZ,SW1国防军工
002625.SZ,SW1国防军工
002651.SZ,SW1国防军工
002829.SZ,SW1国防军工
002933.SZ,SW1国防军工
002935.SZ,SW1国防军工
002977.SZ,SW1国防军工
002985.SZ,SW1国防军工
003009.SZ,SW1国防军工
300008.SZ,SW1国防军工
300034.SZ,SW1国防军工
300045.SZ,SW1国防军工
300065.SZ,SW1国防军工
300101.SZ,SW1国防军工
300123.SZ,SW1国防军工
300177.SZ,SW1国防军工
300252.SZ,SW1国防军工
300395.SZ,SW1国防军工
300397.SZ,SW1国防军工
300424.SZ,SW1国防军工
300447.SZ,SW1国防军工
300474.SZ,SW1国防军工
300527.SZ,SW1国防军工
300581.SZ,SW1国防军工
300589.SZ,SW1国防军工
300600.SZ,SW1国防军工
300629.SZ,SW1国防军工
300696.SZ,SW1国防军工
300699.SZ,SW1国防军工
300719.SZ,SW1国防军工
300722.SZ,SW1国防军工
300726.SZ,SW1国防军工
300762.SZ,SW1国防军工
300775.SZ,SW1国防军工
300777.SZ,SW1国防军工
300810.SZ,SW1国防军工
300875.SZ,SW1国防军工
300900.SZ,SW1国防军工
300922.SZ,SW1国防军工
300965.SZ,SW1国防军工
301050.SZ,SW1国防军工
301213.SZ,SW1国防军工
301302.SZ,SW1国防军工
301306.SZ,SW1国防军工
301357.SZ,SW1国防军工
301517.SZ,SW1国防军工
301571.SZ,SW1国防军工
301586.SZ,SW1国防军工
301592.SZ,SW1国防军工
302132.SZ,SW1国防军工
830832.BJ,SW1基础化工
830974.BJ,SW1基础化工
831304.BJ,SW1基础化工
831834.BJ,SW1基础化工
832089.BJ,SW1基础化工
832175.BJ,SW1基础化工
832225.BJ,SW1基础化工
832469.BJ,SW1基础化工
832471.BJ,SW1基础化工
834033.BJ,SW1基础化工
834261.BJ,SW1基础化工
836077.BJ,SW1基础化工
836419.BJ,SW1基础化工
836422.BJ,SW1基础化工
836675.BJ,SW1基础化工
836957.BJ,SW1基础化工
838402.BJ,SW1基础化工
838971.BJ,SW1基础化工
839719.BJ,SW1基础化工
870866.BJ,SW1基础化工
871694.BJ,SW1基础化工
873665.BJ,SW1基础化工
920016.BJ,SW1基础化工
920066.BJ,SW1基础化工
920098.BJ,SW1基础化工
920099.BJ,SW1基础化工
920489.BJ,SW1基础化工
920819.BJ,SW1基础化工
600063.SH,SW1基础化工
600075.SH,SW1基础化工
600078.SH,SW1基础化工
600096.SH,SW1基础化工
600135.SH,SW1基础化工
600141.SH,SW1基础化工
600143.SH,SW1基础化工
600160.SH,SW1基础化工
600165.SH,SW1基础化工
600227.SH,SW1基础化工
600230.SH,SW1基础化工
600273.SH,SW1基础化工
600299.SH,SW1基础化工
600309.SH,SW1基础化工
600319.SH,SW1基础化工
600328.SH,SW1基础化工
600331.SH,SW1基础化工
600352.SH,SW1基础化工
600367.SH,SW1基础化工
600370.SH,SW1基础化工
600378.SH,SW1基础化工
600389.SH,SW1基础化工
600409.SH,SW1基础化工
600423.SH,SW1基础化工
600426.SH,SW1基础化工
600470.SH,SW1基础化工
600486.SH,SW1基础化工
600500.SH,SW1基础化工
600596.SH,SW1基础化工
600610.SH,SW1基础化工
600618.SH,SW1基础化工
600623.SH,SW1基础化工
600691.SH,SW1基础化工
600714.SH,SW1基础化工
600722.SH,SW1基础化工
600727.SH,SW1基础化工
600731.SH,SW1基础化工
600746.SH,SW1基础化工
600810.SH,SW1基础化工
600844.SH,SW1基础化工
600866.SH,SW1基础化工
600873.SH,SW1基础化工
600889.SH,SW1基础化工
600929.SH,SW1基础化工
600935.SH,SW1基础化工
600955.SH,SW1基础化工
600989.SH,SW1基础化工
601065.SH,SW1基础化工
601208.SH,SW1基础化工
601216.SH,SW1基础化工
601568.SH,SW1基础化工
601678.SH,SW1基础化工
603004.SH,SW1基础化工
603010.SH,SW1基础化工
603020.SH,SW1基础化工
603033.SH,SW1基础化工
603041.SH,SW1基础化工
603051.SH,SW1基础化工
603062.SH,SW1基础化工
603065.SH,SW1基础化工
603067.SH,SW1基础化工
603073.SH,SW1基础化工
603077.SH,SW1基础化工
603079.SH,SW1基础化工
603086.SH,SW1基础化工
603110.SH,SW1基础化工
603113.SH,SW1基础化工
603120.SH,SW1基础化工
603125.SH,SW1基础化工
603150.SH,SW1基础化工
603155.SH,SW1基础化工
603172.SH,SW1基础化工
603181.SH,SW1基础化工
603188.SH,SW1基础化工
603192.SH,SW1基础化工
603213.SH,SW1基础化工
603217.SH,SW1基础化工
603225.SH,SW1基础化工
603227.SH,SW1基础化工
603235.SH,SW1基础化工
603255.SH,SW1基础化工
603260.SH,SW1基础化工
603276.SH,SW1基础化工
603281.SH,SW1基础化工
603285.SH,SW1基础化工
603299.SH,SW1基础化工
603310.SH,SW1基础化工
603330.SH,SW1基础化工
603332.SH,SW1基础化工
603360.SH,SW1基础化工
603379.SH,SW1基础化工
603382.SH,SW1基础化工
603395.SH,SW1基础化工
603505.SH,SW1基础化工
603580.SH,SW1基础化工
603585.SH,SW1基础化工
603599.SH,SW1基础化工
603612.SH,SW1基础化工
603639.SH,SW1基础化工
603650.SH,SW1基础化工
603663.SH,SW1基础化工
603681.SH,SW1基础化工
603683.SH,SW1基础化工
603688.SH,SW1基础化工
603722.SH,SW1基础化工
603739.SH,SW1基础化工
603790.SH,SW1基础化工
603810.SH,SW1基础化工
603822.SH,SW1基础化工
603823.SH,SW1基础化工
603826.SH,SW1基础化工
603867.SH,SW1基础化工
603879.SH,SW1基础化工
603916.SH,SW1基础化工
603928.SH,SW1基础化工
603938.SH,SW1基础化工
603948.SH,SW1基础化工
603968.SH,SW1基础化工
603970.SH,SW1基础化工
603977.SH,SW1基础化工
603980.SH,SW1基础化工
603991.SH,SW1基础化工
605008.SH,SW1基础化工
605016.SH,SW1基础化工
605020.SH,SW1基础化工
605033.SH,SW1基础化工
605077.SH,SW1基础化工
605086.SH,SW1基础化工
605166.SH,SW1基础化工
605183.SH,SW1基础化工
605366.SH,SW1基础化工
605399.SH,SW1基础化工
605488.SH,SW1基础化工
605566.SH,SW1基础化工
605589.SH,SW1基础化工
688065.SH,SW1基础化工
688087.SH,SW1基础化工
688089.SH,SW1基础化工
688129.SH,SW1基础化工
688133.SH,SW1基础化工
688157.SH,SW1基础化工
688179.SH,SW1基础化工
688196.SH,SW1基础化工
688199.SH,SW1基础化工
688203.SH,SW1基础化工
688219.SH,SW1基础化工
688267.SH,SW1基础化工
688269.SH,SW1基础化工
688295.SH,SW1基础化工
688300.SH,SW1基础化工
688323.SH,SW1基础化工
688350.SH,SW1基础化工
688357.SH,SW1基础化工
688386.SH,SW1基础化工
688398.SH,SW1基础化工
688571.SH,SW1基础化工
688585.SH,SW1基础化工
688602.SH,SW1基础化工
688625.SH,SW1基础化工
688639.SH,SW1基础化工
688659.SH,SW1基础化工
688669.SH,SW1基础化工
688716.SH,SW1基础化工
688718.SH,SW1基础化工
688722.SH,SW1基础化工
000420.SZ,SW1基础化工
000422.SZ,SW1基础化工
000510.SZ,SW1基础化工
000525.SZ,SW1基础化工
000545.SZ,SW1基础化工
000553.SZ,SW1基础化工
000565.SZ,SW1基础化工
000635.SZ,SW1基础化工
000677.SZ,SW1基础化工
000683.SZ,SW1基础化工
000691.SZ,SW1基础化工
000707.SZ,SW1基础化工
000731.SZ,SW1基础化工
000782.SZ,SW1基础化工
000792.SZ,SW1基础化工
000818.SZ,SW1基础化工
000822.SZ,SW1基础化工
000830.SZ,SW1基础化工
000859.SZ,SW1基础化工
000881.SZ,SW1基础化工
000893.SZ,SW1基础化工
000902.SZ,SW1基础化工
000912.SZ,SW1基础化工
000920.SZ,SW1基础化工
000936.SZ,SW1基础化工
000949.SZ,SW1基础化工
000973.SZ,SW1基础化工
000990.SZ,SW1基础化工
001207.SZ,SW1基础化工
001217.SZ,SW1基础化工
001218.SZ,SW1基础化工
001231.SZ,SW1基础化工
001255.SZ,SW1基础化工
001296.SZ,SW1基础化工
001333.SZ,SW1基础化工
001335.SZ,SW1基础化工
001358.SZ,SW1基础化工
001359.SZ,SW1基础化工
001378.SZ,SW1基础化工
002001.SZ,SW1基础化工
002037.SZ,SW1基础化工
002054.SZ,SW1基础化工
002064.SZ,SW1基础化工
002068.SZ,SW1基础化工
002092.SZ,SW1基础化工
002096.SZ,SW1基础化工
002108.SZ,SW1基础化工
002109.SZ,SW1基础化工
002136.SZ,SW1基础化工
002145.SZ,SW1基础化工
002165.SZ,SW1基础化工
002166.SZ,SW1基础化工
002170.SZ,SW1基础化工
002206.SZ,SW1基础化工
002211.SZ,SW1基础化工
002224.SZ,SW1基础化工
002226.SZ,SW1基础化工
002246.SZ,SW1基础化工
002250.SZ,SW1基础化工
002254.SZ,SW1基础化工
002258.SZ,SW1基础化工
002263.SZ,SW1基础化工
002274.SZ,SW1基础化工
002312.SZ,SW1基础化工
002319.SZ,SW1基础化工
002324.SZ,SW1基础化工
002326.SZ,SW1基础化工
002360.SZ,SW1基础化工
002361.SZ,SW1基础化工
002381.SZ,SW1基础化工
002386.SZ,SW1基础化工
002391.SZ,SW1基础化工
002395.SZ,SW1基础化工
002407.SZ,SW1基础化工
002427.SZ,SW1基础化工
002430.SZ,SW1基础化工
002440.SZ,SW1基础化工
002442.SZ,SW1基础化工
002453.SZ,SW1基础化工
002455.SZ,SW1基础化工
002470.SZ,SW1基础化工
002496.SZ,SW1基础化工
002497.SZ,SW1基础化工
002513.SZ,SW1基础化工
002522.SZ,SW1基础化工
002538.SZ,SW1基础化工
002539.SZ,SW1基础化工
002545.SZ,SW1基础化工
002549.SZ,SW1基础化工
002562.SZ,SW1基础化工
002585.SZ,SW1基础化工
002588.SZ,SW1基础化工
002591.SZ,SW1基础化工
002597.SZ,SW1基础化工
002601.SZ,SW1基础化工
002632.SZ,SW1基础化工
002637.SZ,SW1基础化工
002648.SZ,SW1基础化工
002666.SZ,SW1基础化工
002669.SZ,SW1基础化工
002683.SZ,SW1基础化工
002734.SZ,SW1基础化工
002748.SZ,SW1基础化工
002749.SZ,SW1基础化工
002753.SZ,SW1基础化工
002768.SZ,SW1基础化工
002783.SZ,SW1基础化工
002802.SZ,SW1基础化工
002809.SZ,SW1基础化工
002810.SZ,SW1基础化工
002825.SZ,SW1基础化工
002827.SZ,SW1基础化工
002838.SZ,SW1基础化工
002886.SZ,SW1基础化工
002895.SZ,SW1基础化工
002909.SZ,SW1基础化工
002915.SZ,SW1基础化工
002917.SZ,SW1基础化工
002942.SZ,SW1基础化工
002971.SZ,SW1基础化工
002998.SZ,SW1基础化工
002999.SZ,SW1基础化工
003002.SZ,SW1基础化工
003017.SZ,SW1基础化工
003042.SZ,SW1基础化工
300019.SZ,SW1基础化工
300041.SZ,SW1基础化工
300067.SZ,SW1基础化工
300072.SZ,SW1基础化工
300082.SZ,SW1基础化工
300107.SZ,SW1基础化工
300109.SZ,SW1基础化工
300121.SZ,SW1基础化工
300163.SZ,SW1基础化工
300169.SZ,SW1基础化工
300174.SZ,SW1基础化工
300180.SZ,SW1基础化工
300200.SZ,SW1基础化工
300214.SZ,SW1基础化工
300218.SZ,SW1基础化工
300221.SZ,SW1基础化工
300225.SZ,SW1基础化工
300230.SZ,SW1基础化工
300243.SZ,SW1基础化工
300261.SZ,SW1基础化工
300305.SZ,SW1基础化工
300320.SZ,SW1基础化工
300321.SZ,SW1基础化工
300343.SZ,SW1基础化工
300387.SZ,SW1基础化工
300405.SZ,SW1基础化工
300478.SZ,SW1基础化工
300487.SZ,SW1基础化工
300505.SZ,SW1基础化工
300522.SZ,SW1基础化工
300530.SZ,SW1基础化工
300535.SZ,SW1基础化工
300538.SZ,SW1基础化工
300539.SZ,SW1基础化工
300575.SZ,SW1基础化工
300586.SZ,SW1基础化工
300587.SZ,SW1基础化工
300596.SZ,SW1基础化工
300610.SZ,SW1基础化工
300637.SZ,SW1基础化工
300641.SZ,SW1基础化工
300644.SZ,SW1基础化工
300665.SZ,SW1基础化工
300716.SZ,SW1基础化工
300717.SZ,SW1基础化工
300721.SZ,SW1基础化工
300727.SZ,SW1基础化工
300731.SZ,SW1基础化工
300741.SZ,SW1基础化工
300758.SZ,SW1基础化工
300767.SZ,SW1基础化工
300796.SZ,SW1基础化工
300798.SZ,SW1基础化工
300801.SZ,SW1基础化工
300804.SZ,SW1基础化工
300806.SZ,SW1基础化工
300821.SZ,SW1基础化工
300829.SZ,SW1基础化工
300834.SZ,SW1基础化工
300848.SZ,SW1基础化工
300858.SZ,SW1基础化工
300876.SZ,SW1基础化工
300891.SZ,SW1基础化工
300905.SZ,SW1基础化工
300910.SZ,SW1基础化工
300920.SZ,SW1基础化工
300927.SZ,SW1基础化工
300980.SZ,SW1基础化工
300995.SZ,SW1基础化工
301003.SZ,SW1基础化工
301019.SZ,SW1基础化工
301035.SZ,SW1基础化工
301036.SZ,SW1基础化工
301037.SZ,SW1基础化工
301057.SZ,SW1基础化工
301059.SZ,SW1基础化工
301069.SZ,SW1基础化工
301071.SZ,SW1基础化工
301076.SZ,SW1基础化工
301077.SZ,SW1基础化工
301090.SZ,SW1基础化工
301092.SZ,SW1基础化工
301100.SZ,SW1基础化工
301118.SZ,SW1基础化工
301131.SZ,SW1基础化工
301149.SZ,SW1基础化工
301156.SZ,SW1基础化工
301190.SZ,SW1基础化工
301196.SZ,SW1基础化工
301206.SZ,SW1基础化工
301209.SZ,SW1基础化工
301212.SZ,SW1基础化工
301216.SZ,SW1基础化工
301220.SZ,SW1基础化工
301237.SZ,SW1基础化工
301256.SZ,SW1基础化工
301283.SZ,SW1基础化工
301286.SZ,SW1基础化工
301300.SZ,SW1基础化工
301373.SZ,SW1基础化工
301395.SZ,SW1基础化工
301459.SZ,SW1基础化工
301518.SZ,SW1基础化工
301538.SZ,SW1基础化工
301555.SZ,SW1基础化工
301565.SZ,SW1基础化工
301585.SZ,SW1基础化工
301591.SZ,SW1基础化工
301617.SZ,SW1基础化工
301618.SZ,SW1基础化工
301665.SZ,SW1基础化工
430718.BJ,SW1家用电器
831641.BJ,SW1家用电器
831768.BJ,SW1家用电器
836699.BJ,SW1家用电器
870199.BJ,SW1家用电器
870726.BJ,SW1家用电器
873339.BJ,SW1家用电器
920108.BJ,SW1家用电器
600060.SH,SW1家用电器
600261.SH,SW1家用电器
600336.SH,SW1家用电器
600619.SH,SW1家用电器
600690.SH,SW1家用电器
600839.SH,SW1家用电器
600983.SH,SW1家用电器
601956.SH,SW1家用电器
603075.SH,SW1家用电器
603112.SH,SW1家用电器
603215.SH,SW1家用电器
603219.SH,SW1家用电器
603303.SH,SW1家用电器
603311.SH,SW1家用电器
603355.SH,SW1家用电器
603366.SH,SW1家用电器
603486.SH,SW1家用电器
603515.SH,SW1家用电器
603519.SH,SW1家用电器
603551.SH,SW1家用电器
603578.SH,SW1家用电器
603579.SH,SW1家用电器
603657.SH,SW1家用电器
603677.SH,SW1家用电器
603726.SH,SW1家用电器
603868.SH,SW1家用电器
605336.SH,SW1家用电器
605365.SH,SW1家用电器
605555.SH,SW1家用电器
688169.SH,SW1家用电器
688609.SH,SW1家用电器
688696.SH,SW1家用电器
688793.SH,SW1家用电器
000016.SZ,SW1家用电器
000333.SZ,SW1家用电器
000404.SZ,SW1家用电器
000521.SZ,SW1家用电器
000541.SZ,SW1家用电器
000651.SZ,SW1家用电器
000801.SZ,SW1家用电器
000810.SZ,SW1家用电器
000921.SZ,SW1家用电器
001259.SZ,SW1家用电器
001268.SZ,SW1家用电器
001326.SZ,SW1家用电器
001387.SZ,SW1家用电器
002005.SZ,SW1家用电器
002011.SZ,SW1家用电器
002032.SZ,SW1家用电器
002035.SZ,SW1家用电器
002050.SZ,SW1家用电器
002052.SZ,SW1家用电器
002076.SZ,SW1家用电器
002242.SZ,SW1家用电器
002290.SZ,SW1家用电器
002402.SZ,SW1家用电器
002403.SZ,SW1家用电器
002418.SZ,SW1家用电器
002420.SZ,SW1家用电器
002429.SZ,SW1家用电器
002508.SZ,SW1家用电器
002543.SZ,SW1家用电器
002614.SZ,SW1家用电器
002638.SZ,SW1家用电器
002668.SZ,SW1家用电器
002676.SZ,SW1家用电器
002677.SZ,SW1家用电器
002705.SZ,SW1家用电器
002723.SZ,SW1家用电器
002724.SZ,SW1家用电器
002848.SZ,SW1家用电器
002860.SZ,SW1家用电器
002959.SZ,SW1家用电器
003023.SZ,SW1家用电器
003028.SZ,SW1家用电器
300160.SZ,SW1家用电器
300217.SZ,SW1家用电器
300247.SZ,SW1家用电器
300272.SZ,SW1家用电器
300279.SZ,SW1家用电器
300342.SZ,SW1家用电器
300403.SZ,SW1家用电器
300543.SZ,SW1家用电器
300625.SZ,SW1家用电器
300824.SZ,SW1家用电器
300894.SZ,SW1家用电器
300911.SZ,SW1家用电器
301008.SZ,SW1家用电器
301135.SZ,SW1家用电器
301187.SZ,SW1家用电器
301252.SZ,SW1家用电器
301280.SZ,SW1家用电器
301332.SZ,SW1家用电器
301362.SZ,SW1家用电器
301578.SZ,SW1家用电器
833580.BJ,SW1建筑材料
839792.BJ,SW1建筑材料
600176.SH,SW1建筑材料
600293.SH,SW1建筑材料
600326.SH,SW1建筑材料
600425.SH,SW1建筑材料
600449.SH,SW1建筑材料
600585.SH,SW1建筑材料
600586.SH,SW1建筑材料
600668.SH,SW1建筑材料
600678.SH,SW1建筑材料
600801.SH,SW1建筑材料
600802.SH,SW1建筑材料
600819.SH,SW1建筑材料
600876.SH,SW1建筑材料
601636.SH,SW1建筑材料
601992.SH,SW1建筑材料
603038.SH,SW1建筑材料
603256.SH,SW1建筑材料
603378.SH,SW1建筑材料
603601.SH,SW1建筑材料
603616.SH,SW1建筑材料
603737.SH,SW1建筑材料
603856.SH,SW1建筑材料
605006.SH,SW1建筑材料
605122.SH,SW1建筑材料
605318.SH,SW1建筑材料
688119.SH,SW1建筑材料
000012.SZ,SW1建筑材料
000055.SZ,SW1建筑材料
000401.SZ,SW1建筑材料
000619.SZ,SW1建筑材料
000672.SZ,SW1建筑材料
000786.SZ,SW1建筑材料
000789.SZ,SW1建筑材料
000877.SZ,SW1建筑材料
001212.SZ,SW1建筑材料
002043.SZ,SW1建筑材料
002066.SZ,SW1建筑材料
002080.SZ,SW1建筑材料
002088.SZ,SW1建筑材料
002201.SZ,SW1建筑材料
002205.SZ,SW1建筑材料
002225.SZ,SW1建筑材料
002233.SZ,SW1建筑材料
002247.SZ,SW1建筑材料
002271.SZ,SW1建筑材料
002302.SZ,SW1建筑材料
002333.SZ,SW1建筑材料
002372.SZ,SW1建筑材料
002392.SZ,SW1建筑材料
002398.SZ,SW1建筑材料
002457.SZ,SW1建筑材料
002596.SZ,SW1建筑材料
002613.SZ,SW1建筑材料
002641.SZ,SW1建筑材料
002652.SZ,SW1建筑材料
002671.SZ,SW1建筑材料
002694.SZ,SW1建筑材料
002718.SZ,SW1建筑材料
002785.SZ,SW1建筑材料
002791.SZ,SW1建筑材料
003037.SZ,SW1建筑材料
300196.SZ,SW1建筑材料
300198.SZ,SW1建筑材料
300234.SZ,SW1建筑材料
300374.SZ,SW1建筑材料
300599.SZ,SW1建筑材料
300715.SZ,SW1建筑材料
300737.SZ,SW1建筑材料
301010.SZ,SW1建筑材料
301429.SZ,SW1建筑材料
301526.SZ,SW1建筑材料
833427.BJ,SW1建筑装饰
833873.BJ,SW1建筑装饰
835857.BJ,SW1建筑装饰
836149.BJ,SW1建筑装饰
836208.BJ,SW1建筑装饰
836892.BJ,SW1建筑装饰
920019.BJ,SW1建筑装饰
600039.SH,SW1建筑装饰
600170.SH,SW1建筑装饰
600193.SH,SW1建筑装饰
600234.SH,SW1建筑装饰
600248.SH,SW1建筑装饰
600284.SH,SW1建筑装饰
600477.SH,SW1建筑装饰
600491.SH,SW1建筑装饰
600496.SH,SW1建筑装饰
600502.SH,SW1建筑装饰
600512.SH,SW1建筑装饰
600629.SH,SW1建筑装饰
600667.SH,SW1建筑装饰
600720.SH,SW1建筑装饰
600820.SH,SW1建筑装饰
600846.SH,SW1建筑装饰
600853.SH,SW1建筑装饰
600939.SH,SW1建筑装饰
600970.SH,SW1建筑装饰
601068.SH,SW1建筑装饰
601096.SH,SW1建筑装饰
601117.SH,SW1建筑装饰
601133.SH,SW1建筑装饰
601186.SH,SW1建筑装饰
601226.SH,SW1建筑装饰
601390.SH,SW1建筑装饰
601611.SH,SW1建筑装饰
601618.SH,SW1建筑装饰
601668.SH,SW1建筑装饰
601669.SH,SW1建筑装饰
601789.SH,SW1建筑装饰
601800.SH,SW1建筑装饰
601868.SH,SW1建筑装饰
601886.SH,SW1建筑装饰
603007.SH,SW1建筑装饰
603017.SH,SW1建筑装饰
603018.SH,SW1建筑装饰
603030.SH,SW1建筑装饰
603098.SH,SW1建筑装饰
603137.SH,SW1建筑装饰
603153.SH,SW1建筑装饰
603163.SH,SW1建筑装饰
603176.SH,SW1建筑装饰
603257.SH,SW1建筑装饰
603316.SH,SW1建筑装饰
603357.SH,SW1建筑装饰
603359.SH,SW1建筑装饰
603388.SH,SW1建筑装饰
603458.SH,SW1建筑装饰
603637.SH,SW1建筑装饰
603717.SH,SW1建筑装饰
603778.SH,SW1建筑装饰
603815.SH,SW1建筑装饰
603828.SH,SW1建筑装饰
603843.SH,SW1建筑装饰
603860.SH,SW1建筑装饰
603909.SH,SW1建筑装饰
603929.SH,SW1建筑装饰
603955.SH,SW1建筑装饰
603959.SH,SW1建筑装饰
605167.SH,SW1建筑装饰
605178.SH,SW1建筑装饰
605287.SH,SW1建筑装饰
605289.SH,SW1建筑装饰
605303.SH,SW1建筑装饰
605598.SH,SW1建筑装饰
000010.SZ,SW1建筑装饰
000032.SZ,SW1建筑装饰
000065.SZ,SW1建筑装饰
000498.SZ,SW1建筑装饰
000628.SZ,SW1建筑装饰
000779.SZ,SW1建筑装饰
000928.SZ,SW1建筑装饰
001267.SZ,SW1建筑装饰
002047.SZ,SW1建筑装饰
002051.SZ,SW1建筑装饰
002061.SZ,SW1建筑装饰
002062.SZ,SW1建筑装饰
002081.SZ,SW1建筑装饰
002116.SZ,SW1建筑装饰
002135.SZ,SW1建筑装饰
002140.SZ,SW1建筑装饰
002163.SZ,SW1建筑装饰
002200.SZ,SW1建筑装饰
002307.SZ,SW1建筑装饰
002310.SZ,SW1建筑装饰
002323.SZ,SW1建筑装饰
002375.SZ,SW1建筑装饰
002431.SZ,SW1建筑装饰
002469.SZ,SW1建筑装饰
002482.SZ,SW1建筑装饰
002541.SZ,SW1建筑装饰
002542.SZ,SW1建筑装饰
002564.SZ,SW1建筑装饰
002586.SZ,SW1建筑装饰
002593.SZ,SW1建筑装饰
002620.SZ,SW1建筑装饰
002628.SZ,SW1建筑装饰
002663.SZ,SW1建筑装饰
002713.SZ,SW1建筑装饰
002717.SZ,SW1建筑装饰
002743.SZ,SW1建筑装饰
002761.SZ,SW1建筑装饰
002775.SZ,SW1建筑装饰
002789.SZ,SW1建筑装饰
002811.SZ,SW1建筑装饰
002822.SZ,SW1建筑装饰
002830.SZ,SW1建筑装饰
002856.SZ,SW1建筑装饰
002883.SZ,SW1建筑装饰
002941.SZ,SW1建筑装饰
002949.SZ,SW1建筑装饰
002963.SZ,SW1建筑装饰
002989.SZ,SW1建筑装饰
003001.SZ,SW1建筑装饰
003013.SZ,SW1建筑装饰
300029.SZ,SW1建筑装饰
300197.SZ,SW1建筑装饰
300284.SZ,SW1建筑装饰
300355.SZ,SW1建筑装饰
300384.SZ,SW1建筑装饰
300492.SZ,SW1建筑装饰
300500.SZ,SW1建筑装饰
300506.SZ,SW1建筑装饰
300517.SZ,SW1建筑装饰
300536.SZ,SW1建筑装饰
300564.SZ,SW1建筑装饰
300621.SZ,SW1建筑装饰
300635.SZ,SW1建筑装饰
300649.SZ,SW1建筑装饰
300668.SZ,SW1建筑装饰
300675.SZ,SW1建筑装饰
300712.SZ,SW1建筑装饰
300732.SZ,SW1建筑装饰
300746.SZ,SW1建筑装饰
300778.SZ,SW1建筑装饰
300826.SZ,SW1建筑装饰
300844.SZ,SW1建筑装饰
300948.SZ,SW1建筑装饰
300949.SZ,SW1建筑装饰
300977.SZ,SW1建筑装饰
300982.SZ,SW1建筑装饰
300983.SZ,SW1建筑装饰
300986.SZ,SW1建筑装饰
300989.SZ,SW1建筑装饰
301024.SZ,SW1建筑装饰
301027.SZ,SW1建筑装饰
301038.SZ,SW1建筑装饰
301046.SZ,SW1建筑装饰
301058.SZ,SW1建筑装饰
301091.SZ,SW1建筑装饰
301098.SZ,SW1建筑装饰
301136.SZ,SW1建筑装饰
301167.SZ,SW1建筑装饰
301365.SZ,SW1建筑装饰
301390.SZ,SW1建筑装饰
301505.SZ,SW1建筑装饰
600007.SH,SW1房地产
600048.SH,SW1房地产
600064.SH,SW1房地产
600082.SH,SW1房地产
600094.SH,SW1房地产
600159.SH,SW1房地产
600162.SH,SW1房地产
600173.SH,SW1房地产
600185.SH,SW1房地产
600208.SH,SW1房地产
600239.SH,SW1房地产
600246.SH,SW1房地产
600266.SH,SW1房地产
600322.SH,SW1房地产
600325.SH,SW1房地产
600340.SH,SW1房地产
600376.SH,SW1房地产
600383.SH,SW1房地产
600463.SH,SW1房地产
600503.SH,SW1房地产
600510.SH,SW1房地产
600515.SH,SW1房地产
600533.SH,SW1房地产
600603.SH,SW1房地产
600604.SH,SW1房地产
600606.SH,SW1房地产
600622.SH,SW1房地产
600638.SH,SW1房地产
600639.SH,SW1房地产
600641.SH,SW1房地产
600648.SH,SW1房地产
600649.SH,SW1房地产
600657.SH,SW1房地产
600658.SH,SW1房地产
600663.SH,SW1房地产
600665.SH,SW1房地产
600675.SH,SW1房地产
600683.SH,SW1房地产
600684.SH,SW1房地产
600692.SH,SW1房地产
600708.SH,SW1房地产
600716.SH,SW1房地产
600724.SH,SW1房地产
600736.SH,SW1房地产
600743.SH,SW1房地产
600748.SH,SW1房地产
600773.SH,SW1房地产
600791.SH,SW1房地产
600848.SH,SW1房地产
600854.SH,SW1房地产
600895.SH,SW1房地产
601155.SH,SW1房地产
601512.SH,SW1房地产
601588.SH,SW1房地产
603506.SH,SW1房地产
000002.SZ,SW1房地产
000006.SZ,SW1房地产
000011.SZ,SW1房地产
000014.SZ,SW1房地产
000029.SZ,SW1房地产
000031.SZ,SW1房地产
000036.SZ,SW1房地产
000042.SZ,SW1房地产
000048.SZ,SW1房地产
000056.SZ,SW1房地产
000069.SZ,SW1房地产
000090.SZ,SW1房地产
000402.SZ,SW1房地产
000514.SZ,SW1房地产
000517.SZ,SW1房地产
000560.SZ,SW1房地产
000573.SZ,SW1房地产
000608.SZ,SW1房地产
000609.SZ,SW1房地产
000620.SZ,SW1房地产
000631.SZ,SW1房地产
000656.SZ,SW1房地产
000668.SZ,SW1房地产
000718.SZ,SW1房地产
000736.SZ,SW1房地产
000797.SZ,SW1房地产
000809.SZ,SW1房地产
000838.SZ,SW1房地产
000863.SZ,SW1房地产
000886.SZ,SW1房地产
000897.SZ,SW1房地产
000909.SZ,SW1房地产
000926.SZ,SW1房地产
000965.SZ,SW1房地产
001914.SZ,SW1房地产
001979.SZ,SW1房地产
002016.SZ,SW1房地产
002133.SZ,SW1房地产
002146.SZ,SW1房地产
002188.SZ,SW1房地产
002208.SZ,SW1房地产
002244.SZ,SW1房地产
002285.SZ,SW1房地产
002305.SZ,SW1房地产
002314.SZ,SW1房地产
002968.SZ,SW1房地产
300917.SZ,SW1房地产
833751.BJ,SW1有色金属
871634.BJ,SW1有色金属
873576.BJ,SW1有色金属
920068.BJ,SW1有色金属
600111.SH,SW1有色金属
600219.SH,SW1有色金属
600255.SH,SW1有色金属
600259.SH,SW1有色金属
600281.SH,SW1有色金属
600301.SH,SW1有色金属
600338.SH,SW1有色金属
600361.SH,SW1有色金属
600362.SH,SW1有色金属
600366.SH,SW1有色金属
600392.SH,SW1有色金属
600456.SH,SW1有色金属
600459.SH,SW1有色金属
600489.SH,SW1有色金属
600490.SH,SW1有色金属
600497.SH,SW1有色金属
600531.SH,SW1有色金属
600547.SH,SW1有色金属
600549.SH,SW1有色金属
600595.SH,SW1有色金属
600615.SH,SW1有色金属
600711.SH,SW1有色金属
600768.SH,SW1有色金属
600888.SH,SW1有色金属
600961.SH,SW1有色金属
600988.SH,SW1有色金属
601020.SH,SW1有色金属
601069.SH,SW1有色金属
601137.SH,SW1有色金属
601168.SH,SW1有色金属
601212.SH,SW1有色金属
601388.SH,SW1有色金属
601600.SH,SW1有色金属
601609.SH,SW1有色金属
601677.SH,SW1有色金属
601702.SH,SW1有色金属
601899.SH,SW1有色金属
601958.SH,SW1有色金属
603045.SH,SW1有色金属
603072.SH,SW1有色金属
603115.SH,SW1有色金属
603124.SH,SW1有色金属
603132.SH,SW1有色金属
603271.SH,SW1有色金属
603399.SH,SW1有色金属
603527.SH,SW1有色金属
603799.SH,SW1有色金属
603876.SH,SW1有色金属
603937.SH,SW1有色金属
603978.SH,SW1有色金属
603979.SH,SW1有色金属
603993.SH,SW1有色金属
605158.SH,SW1有色金属
605208.SH,SW1有色金属
605376.SH,SW1有色金属
688077.SH,SW1有色金属
688102.SH,SW1有色金属
688190.SH,SW1有色金属
688231.SH,SW1有色金属
688456.SH,SW1有色金属
688750.SH,SW1有色金属
688786.SH,SW1有色金属
000060.SZ,SW1有色金属
000408.SZ,SW1有色金属
000426.SZ,SW1有色金属
000506.SZ,SW1有色金属
000603.SZ,SW1有色金属
000612.SZ,SW1有色金属
000630.SZ,SW1有色金属
000633.SZ,SW1有色金属
000657.SZ,SW1有色金属
000688.SZ,SW1有色金属
000737.SZ,SW1有色金属
000751.SZ,SW1有色金属
000758.SZ,SW1有色金属
000762.SZ,SW1有色金属
000795.SZ,SW1有色金属
000807.SZ,SW1有色金属
000831.SZ,SW1有色金属
000878.SZ,SW1有色金属
000933.SZ,SW1有色金属
000960.SZ,SW1有色金属
000962.SZ,SW1有色金属
000969.SZ,SW1有色金属
000970.SZ,SW1有色金属
000975.SZ,SW1有色金属
001337.SZ,SW1有色金属
002114.SZ,SW1有色金属
002149.SZ,SW1有色金属
002155.SZ,SW1有色金属
002160.SZ,SW1有色金属
002167.SZ,SW1有色金属
002171.SZ,SW1有色金属
002182.SZ,SW1有色金属
002192.SZ,SW1有色金属
002203.SZ,SW1有色金属
002237.SZ,SW1有色金属
002240.SZ,SW1有色金属
002295.SZ,SW1有色金属
002378.SZ,SW1有色金属
002379.SZ,SW1有色金属
002428.SZ,SW1有色金属
002460.SZ,SW1有色金属
002466.SZ,SW1有色金属
002501.SZ,SW1有色金属
002532.SZ,SW1有色金属
002540.SZ,SW1有色金属
002578.SZ,SW1有色金属
002716.SZ,SW1有色金属
002738.SZ,SW1有色金属
002756.SZ,SW1有色金属
002824.SZ,SW1有色金属
002842.SZ,SW1有色金属
002978.SZ,SW1有色金属
002988.SZ,SW1有色金属
002996.SZ,SW1有色金属
003038.SZ,SW1有色金属
300057.SZ,SW1有色金属
300127.SZ,SW1有色金属
300139.SZ,SW1有色金属
300224.SZ,SW1有色金属
300328.SZ,SW1有色金属
300337.SZ,SW1有色金属
300618.SZ,SW1有色金属
300697.SZ,SW1有色金属
300748.SZ,SW1有色金属
300811.SZ,SW1有色金属
300835.SZ,SW1有色金属
300855.SZ,SW1有色金属
300930.SZ,SW1有色金属
300963.SZ,SW1有色金属
301026.SZ,SW1有色金属
301141.SZ,SW1有色金属
301219.SZ,SW1有色金属
301323.SZ,SW1有色金属
301522.SZ,SW1有色金属
301622.SZ,SW1有色金属
430425.BJ,SW1机械设备
430476.BJ,SW1机械设备
430510.BJ,SW1机械设备
430685.BJ,SW1机械设备
830839.BJ,SW1机械设备
830879.BJ,SW1机械设备
831305.BJ,SW1机械设备
831689.BJ,SW1机械设备
831855.BJ,SW1机械设备
831856.BJ,SW1机械设备
831961.BJ,SW1机械设备
832651.BJ,SW1机械设备
832662.BJ,SW1机械设备
832885.BJ,SW1机械设备
833284.BJ,SW1机械设备
833455.BJ,SW1机械设备
833509.BJ,SW1机械设备
833781.BJ,SW1机械设备
833943.BJ,SW1机械设备
834407.BJ,SW1机械设备
834475.BJ,SW1机械设备
834599.BJ,SW1机械设备
834950.BJ,SW1机械设备
835174.BJ,SW1机械设备
835579.BJ,SW1机械设备
836260.BJ,SW1机械设备
836395.BJ,SW1机械设备
836717.BJ,SW1机械设备
836720.BJ,SW1机械设备
836807.BJ,SW1机械设备
836942.BJ,SW1机械设备
836961.BJ,SW1机械设备
838670.BJ,SW1机械设备
838810.BJ,SW1机械设备
839725.BJ,SW1机械设备
870508.BJ,SW1机械设备
871245.BJ,SW1机械设备
871263.BJ,SW1机械设备
871396.BJ,SW1机械设备
871478.BJ,SW1机械设备
871553.BJ,SW1机械设备
872541.BJ,SW1机械设备
872895.BJ,SW1机械设备
872931.BJ,SW1机械设备
873169.BJ,SW1机械设备
873223.BJ,SW1机械设备
873305.BJ,SW1机械设备
873570.BJ,SW1机械设备
873593.BJ,SW1机械设备
873679.BJ,SW1机械设备
873693.BJ,SW1机械设备
873703.BJ,SW1机械设备
873706.BJ,SW1机械设备
873726.BJ,SW1机械设备
873833.BJ,SW1机械设备
920002.BJ,SW1机械设备
920027.BJ,SW1机械设备
920082.BJ,SW1机械设备
600031.SH,SW1机械设备
600114.SH,SW1机械设备
600169.SH,SW1机械设备
600172.SH,SW1机械设备
600202.SH,SW1机械设备
600215.SH,SW1机械设备
600232.SH,SW1机械设备
600243.SH,SW1机械设备
600262.SH,SW1机械设备
600302.SH,SW1机械设备
600320.SH,SW1机械设备
600343.SH,SW1机械设备
600421.SH,SW1机械设备
600444.SH,SW1机械设备
600458.SH,SW1机械设备
600495.SH,SW1机械设备
600499.SH,SW1机械设备
600501.SH,SW1机械设备
600520.SH,SW1机械设备
600528.SH,SW1机械设备
600545.SH,SW1机械设备
600558.SH,SW1机械设备
600560.SH,SW1机械设备
600579.SH,SW1机械设备
600582.SH,SW1机械设备
600592.SH,SW1机械设备
600761.SH,SW1机械设备
600783.SH,SW1机械设备
600815.SH,SW1机械设备
600835.SH,SW1机械设备
600843.SH,SW1机械设备
600860.SH,SW1机械设备
600894.SH,SW1机械设备
600980.SH,SW1机械设备
600984.SH,SW1机械设备
600992.SH,SW1机械设备
601002.SH,SW1机械设备
601038.SH,SW1机械设备
601100.SH,SW1机械设备
601106.SH,SW1机械设备
601177.SH,SW1机械设备
601369.SH,SW1机械设备
601399.SH,SW1机械设备
601608.SH,SW1机械设备
601717.SH,SW1机械设备
601766.SH,SW1机械设备
601798.SH,SW1机械设备
601882.SH,SW1机械设备
603011.SH,SW1机械设备
603012.SH,SW1机械设备
603015.SH,SW1机械设备
603025.SH,SW1机械设备
603028.SH,SW1机械设备
603029.SH,SW1机械设备
603036.SH,SW1机械设备
603076.SH,SW1机械设备
603081.SH,SW1机械设备
603082.SH,SW1机械设备
603088.SH,SW1机械设备
603090.SH,SW1机械设备
603095.SH,SW1机械设备
603100.SH,SW1机械设备
603111.SH,SW1机械设备
603131.SH,SW1机械设备
603135.SH,SW1机械设备
603159.SH,SW1机械设备
603169.SH,SW1机械设备
603173.SH,SW1机械设备
603187.SH,SW1机械设备
603194.SH,SW1机械设备
603203.SH,SW1机械设备
603269.SH,SW1机械设备
603270.SH,SW1机械设备
603273.SH,SW1机械设备
603275.SH,SW1机械设备
603277.SH,SW1机械设备
603278.SH,SW1机械设备
603279.SH,SW1机械设备
603280.SH,SW1机械设备
603283.SH,SW1机械设备
603289.SH,SW1机械设备
603298.SH,SW1机械设备
603308.SH,SW1机械设备
603321.SH,SW1机械设备
603325.SH,SW1机械设备
603331.SH,SW1机械设备
603337.SH,SW1机械设备
603338.SH,SW1机械设备
603339.SH,SW1机械设备
603356.SH,SW1机械设备
603391.SH,SW1机械设备
603416.SH,SW1机械设备
603488.SH,SW1机械设备
603500.SH,SW1机械设备
603583.SH,SW1机械设备
603611.SH,SW1机械设备
603617.SH,SW1机械设备
603638.SH,SW1机械设备
603656.SH,SW1机械设备
603662.SH,SW1机械设备
603666.SH,SW1机械设备
603667.SH,SW1机械设备
603680.SH,SW1机械设备
603698.SH,SW1机械设备
603699.SH,SW1机械设备
603700.SH,SW1机械设备
603757.SH,SW1机械设备
603789.SH,SW1机械设备
603800.SH,SW1机械设备
603855.SH,SW1机械设备
603895.SH,SW1机械设备
603901.SH,SW1机械设备
603912.SH,SW1机械设备
603915.SH,SW1机械设备
603956.SH,SW1机械设备
603960.SH,SW1机械设备
603966.SH,SW1机械设备
603969.SH,SW1机械设备
605001.SH,SW1机械设备
605056.SH,SW1机械设备
605060.SH,SW1机械设备
605100.SH,SW1机械设备
605186.SH,SW1机械设备
605259.SH,SW1机械设备
605286.SH,SW1机械设备
605288.SH,SW1机械设备
605298.SH,SW1机械设备
605305.SH,SW1机械设备
605389.SH,SW1机械设备
688001.SH,SW1机械设备
688003.SH,SW1机械设备
688009.SH,SW1机械设备
688015.SH,SW1机械设备
688017.SH,SW1机械设备
688022.SH,SW1机械设备
688025.SH,SW1机械设备
688028.SH,SW1机械设备
688033.SH,SW1机械设备
688056.SH,SW1机械设备
688059.SH,SW1机械设备
688071.SH,SW1机械设备
688090.SH,SW1机械设备
688092.SH,SW1机械设备
688097.SH,SW1机械设备
688112.SH,SW1机械设备
688113.SH,SW1机械设备
688115.SH,SW1机械设备
688121.SH,SW1机械设备
688125.SH,SW1机械设备
688128.SH,SW1机械设备
688160.SH,SW1机械设备
688162.SH,SW1机械设备
688165.SH,SW1机械设备
688170.SH,SW1机械设备
688187.SH,SW1机械设备
688211.SH,SW1机械设备
688215.SH,SW1机械设备
688218.SH,SW1机械设备
688255.SH,SW1机械设备
688257.SH,SW1机械设备
688285.SH,SW1机械设备
688290.SH,SW1机械设备
688305.SH,SW1机械设备
688306.SH,SW1机械设备
688308.SH,SW1机械设备
688310.SH,SW1机械设备
688312.SH,SW1机械设备
688320.SH,SW1机械设备
688328.SH,SW1机械设备
688329.SH,SW1机械设备
688333.SH,SW1机械设备
688337.SH,SW1机械设备
688355.SH,SW1机械设备
688360.SH,SW1机械设备
688367.SH,SW1机械设备
688377.SH,SW1机械设备
688379.SH,SW1机械设备
688383.SH,SW1机械设备
688395.SH,SW1机械设备
688400.SH,SW1机械设备
688420.SH,SW1机械设备
688425.SH,SW1机械设备
688433.SH,SW1机械设备
688448.SH,SW1机械设备
688450.SH,SW1机械设备
688455.SH,SW1机械设备
688459.SH,SW1机械设备
688485.SH,SW1机械设备
688518.SH,SW1机械设备
688528.SH,SW1机械设备
688529.SH,SW1机械设备
688531.SH,SW1机械设备
688557.SH,SW1机械设备
688558.SH,SW1机械设备
688559.SH,SW1机械设备
688569.SH,SW1机械设备
688570.SH,SW1机械设备
688577.SH,SW1机械设备
688583.SH,SW1机械设备
688596.SH,SW1机械设备
688610.SH,SW1机械设备
688622.SH,SW1机械设备
688623.SH,SW1机械设备
688627.SH,SW1机械设备
688628.SH,SW1机械设备
688630.SH,SW1机械设备
688633.SH,SW1机械设备
688646.SH,SW1机械设备
688648.SH,SW1机械设备
688665.SH,SW1机械设备
688686.SH,SW1机械设备
688697.SH,SW1机械设备
688698.SH,SW1机械设备
688700.SH,SW1机械设备
688768.SH,SW1机械设备
688777.SH,SW1机械设备
688789.SH,SW1机械设备
000008.SZ,SW1机械设备
000039.SZ,SW1机械设备
000157.SZ,SW1机械设备
000410.SZ,SW1机械设备
000425.SZ,SW1机械设备
000528.SZ,SW1机械设备
000530.SZ,SW1机械设备
000584.SZ,SW1机械设备
000595.SZ,SW1机械设备
000680.SZ,SW1机械设备
000777.SZ,SW1机械设备
000811.SZ,SW1机械设备
000837.SZ,SW1机械设备
000852.SZ,SW1机械设备
000856.SZ,SW1机械设备
000925.SZ,SW1机械设备
000927.SZ,SW1机械设备
000988.SZ,SW1机械设备
001223.SZ,SW1机械设备
001225.SZ,SW1机械设备
001226.SZ,SW1机械设备
001239.SZ,SW1机械设备
001256.SZ,SW1机械设备
001266.SZ,SW1机械设备
001277.SZ,SW1机械设备
001288.SZ,SW1机械设备
001306.SZ,SW1机械设备
001324.SZ,SW1机械设备
001332.SZ,SW1机械设备
001360.SZ,SW1机械设备
001379.SZ,SW1机械设备
001395.SZ,SW1机械设备
001400.SZ,SW1机械设备
001696.SZ,SW1机械设备
002006.SZ,SW1机械设备
002008.SZ,SW1机械设备
002009.SZ,SW1机械设备
002021.SZ,SW1机械设备
002026.SZ,SW1机械设备
002031.SZ,SW1机械设备
002046.SZ,SW1机械设备
002058.SZ,SW1机械设备
002073.SZ,SW1机械设备
002097.SZ,SW1机械设备
002122.SZ,SW1机械设备
002131.SZ,SW1机械设备
002132.SZ,SW1机械设备
002150.SZ,SW1机械设备
002158.SZ,SW1机械设备
002164.SZ,SW1机械设备
002175.SZ,SW1机械设备
002184.SZ,SW1机械设备
002204.SZ,SW1机械设备
002209.SZ,SW1机械设备
002248.SZ,SW1机械设备
002272.SZ,SW1机械设备
002278.SZ,SW1机械设备
002282.SZ,SW1机械设备
002334.SZ,SW1机械设备
002337.SZ,SW1机械设备
002342.SZ,SW1机械设备
002347.SZ,SW1机械设备
002353.SZ,SW1机械设备
002367.SZ,SW1机械设备
002438.SZ,SW1机械设备
002444.SZ,SW1机械设备
002445.SZ,SW1机械设备
002483.SZ,SW1机械设备
002490.SZ,SW1机械设备
002514.SZ,SW1机械设备
002520.SZ,SW1机械设备
002523.SZ,SW1机械设备
002526.SZ,SW1机械设备
002527.SZ,SW1机械设备
002529.SZ,SW1机械设备
002530.SZ,SW1机械设备
002535.SZ,SW1机械设备
002552.SZ,SW1机械设备
002559.SZ,SW1机械设备
002595.SZ,SW1机械设备
002598.SZ,SW1机械设备
002611.SZ,SW1机械设备
002633.SZ,SW1机械设备
002639.SZ,SW1机械设备
002667.SZ,SW1机械设备
002685.SZ,SW1机械设备
002686.SZ,SW1机械设备
002689.SZ,SW1机械设备
002690.SZ,SW1机械设备
002691.SZ,SW1机械设备
002698.SZ,SW1机械设备
002722.SZ,SW1机械设备
002730.SZ,SW1机械设备
002747.SZ,SW1机械设备
002757.SZ,SW1机械设备
002760.SZ,SW1机械设备
002767.SZ,SW1机械设备
002774.SZ,SW1机械设备
002779.SZ,SW1机械设备
002786.SZ,SW1机械设备
002795.SZ,SW1机械设备
002816.SZ,SW1机械设备
002819.SZ,SW1机械设备
002833.SZ,SW1机械设备
002837.SZ,SW1机械设备
002843.SZ,SW1机械设备
002849.SZ,SW1机械设备
002871.SZ,SW1机械设备
002877.SZ,SW1机械设备
002884.SZ,SW1机械设备
002890.SZ,SW1机械设备
002896.SZ,SW1机械设备
002903.SZ,SW1机械设备
002931.SZ,SW1机械设备
002943.SZ,SW1机械设备
002957.SZ,SW1机械设备
002960.SZ,SW1机械设备
002972.SZ,SW1机械设备
002975.SZ,SW1机械设备
002979.SZ,SW1机械设备
003025.SZ,SW1机械设备
003036.SZ,SW1机械设备
300004.SZ,SW1机械设备
300007.SZ,SW1机械设备
300011.SZ,SW1机械设备
300024.SZ,SW1机械设备
300048.SZ,SW1机械设备
300066.SZ,SW1机械设备
300083.SZ,SW1机械设备
300084.SZ,SW1机械设备
300091.SZ,SW1机械设备
300092.SZ,SW1机械设备
300095.SZ,SW1机械设备
300097.SZ,SW1机械设备
300099.SZ,SW1机械设备
300103.SZ,SW1机械设备
300112.SZ,SW1机械设备
300124.SZ,SW1机械设备
300126.SZ,SW1机械设备
300145.SZ,SW1机械设备
300151.SZ,SW1机械设备
300154.SZ,SW1机械设备
300157.SZ,SW1机械设备
300159.SZ,SW1机械设备
300161.SZ,SW1机械设备
300165.SZ,SW1机械设备
300179.SZ,SW1机械设备
300193.SZ,SW1机械设备
300195.SZ,SW1机械设备
300201.SZ,SW1机械设备
300227.SZ,SW1机械设备
300228.SZ,SW1机械设备
300257.SZ,SW1机械设备
300259.SZ,SW1机械设备
300260.SZ,SW1机械设备
300263.SZ,SW1机械设备
300276.SZ,SW1机械设备
300278.SZ,SW1机械设备
300281.SZ,SW1机械设备
300293.SZ,SW1机械设备
300306.SZ,SW1机械设备
300307.SZ,SW1机械设备
300349.SZ,SW1机械设备
300351.SZ,SW1机械设备
300354.SZ,SW1机械设备
300370.SZ,SW1机械设备
300371.SZ,SW1机械设备
300382.SZ,SW1机械设备
300400.SZ,SW1机械设备
300402.SZ,SW1机械设备
300411.SZ,SW1机械设备
300412.SZ,SW1机械设备
300415.SZ,SW1机械设备
300417.SZ,SW1机械设备
300420.SZ,SW1机械设备
300421.SZ,SW1机械设备
300430.SZ,SW1机械设备
300441.SZ,SW1机械设备
300445.SZ,SW1机械设备
300461.SZ,SW1机械设备
300466.SZ,SW1机械设备
300470.SZ,SW1机械设备
300471.SZ,SW1机械设备
300472.SZ,SW1机械设备
300480.SZ,SW1机械设备
300484.SZ,SW1机械设备
300486.SZ,SW1机械设备
300488.SZ,SW1机械设备
300499.SZ,SW1机械设备
300503.SZ,SW1机械设备
300509.SZ,SW1机械设备
300512.SZ,SW1机械设备
300515.SZ,SW1机械设备
300521.SZ,SW1机械设备
300540.SZ,SW1机械设备
300549.SZ,SW1机械设备
300553.SZ,SW1机械设备
300554.SZ,SW1机械设备
300557.SZ,SW1机械设备
300567.SZ,SW1机械设备
300594.SZ,SW1机械设备
300606.SZ,SW1机械设备
300607.SZ,SW1机械设备
300667.SZ,SW1机械设备
300669.SZ,SW1机械设备
300700.SZ,SW1机械设备
300718.SZ,SW1机械设备
300720.SZ,SW1机械设备
300747.SZ,SW1机械设备
300756.SZ,SW1机械设备
300757.SZ,SW1机械设备
300780.SZ,SW1机械设备
300802.SZ,SW1机械设备
300809.SZ,SW1机械设备
300813.SZ,SW1机械设备
300817.SZ,SW1机械设备
300818.SZ,SW1机械设备
300823.SZ,SW1机械设备
300828.SZ,SW1机械设备
300833.SZ,SW1机械设备
300836.SZ,SW1机械设备
300837.SZ,SW1机械设备
300838.SZ,SW1机械设备
300851.SZ,SW1机械设备
300861.SZ,SW1机械设备
300862.SZ,SW1机械设备
300865.SZ,SW1机械设备
300879.SZ,SW1机械设备
300885.SZ,SW1机械设备
300897.SZ,SW1机械设备
300902.SZ,SW1机械设备
300906.SZ,SW1机械设备
300923.SZ,SW1机械设备
300931.SZ,SW1机械设备
300943.SZ,SW1机械设备
300946.SZ,SW1机械设备
300950.SZ,SW1机械设备
300960.SZ,SW1机械设备
300971.SZ,SW1机械设备
300984.SZ,SW1机械设备
300985.SZ,SW1机械设备
300988.SZ,SW1机械设备
300990.SZ,SW1机械设备
300992.SZ,SW1机械设备
301006.SZ,SW1机械设备
301013.SZ,SW1机械设备
301016.SZ,SW1机械设备
301018.SZ,SW1机械设备
301021.SZ,SW1机械设备
301028.SZ,SW1机械设备
301029.SZ,SW1机械设备
301032.SZ,SW1机械设备
301043.SZ,SW1机械设备
301048.SZ,SW1机械设备
301053.SZ,SW1机械设备
301056.SZ,SW1机械设备
301063.SZ,SW1机械设备
301070.SZ,SW1机械设备
301079.SZ,SW1机械设备
301083.SZ,SW1机械设备
301105.SZ,SW1机械设备
301107.SZ,SW1机械设备
301112.SZ,SW1机械设备
301125.SZ,SW1机械设备
301128.SZ,SW1机械设备
301129.SZ,SW1机械设备
301137.SZ,SW1机械设备
301138.SZ,SW1机械设备
301151.SZ,SW1机械设备
301158.SZ,SW1机械设备
301161.SZ,SW1机械设备
301197.SZ,SW1机械设备
301199.SZ,SW1机械设备
301200.SZ,SW1机械设备
301255.SZ,SW1机械设备
301260.SZ,SW1机械设备
301261.SZ,SW1机械设备
301268.SZ,SW1机械设备
301272.SZ,SW1机械设备
301273.SZ,SW1机械设备
301279.SZ,SW1机械设备
301303.SZ,SW1机械设备
301309.SZ,SW1机械设备
301311.SZ,SW1机械设备
301312.SZ,SW1机械设备
301317.SZ,SW1机械设备
301320.SZ,SW1机械设备
301338.SZ,SW1机械设备
301353.SZ,SW1机械设备
301360.SZ,SW1机械设备
301368.SZ,SW1机械设备
301377.SZ,SW1机械设备
301392.SZ,SW1机械设备
301399.SZ,SW1机械设备
301413.SZ,SW1机械设备
301418.SZ,SW1机械设备
301446.SZ,SW1机械设备
301448.SZ,SW1机械设备
301468.SZ,SW1机械设备
301510.SZ,SW1机械设备
301512.SZ,SW1机械设备
301525.SZ,SW1机械设备
301528.SZ,SW1机械设备
301533.SZ,SW1机械设备
301548.SZ,SW1机械设备
301559.SZ,SW1机械设备
301568.SZ,SW1机械设备
301596.SZ,SW1机械设备
301598.SZ,SW1机械设备
301601.SZ,SW1机械设备
301603.SZ,SW1机械设备
301616.SZ,SW1机械设备
301633.SZ,SW1机械设备
430418.BJ,SW1汽车
830896.BJ,SW1汽车
831195.BJ,SW1汽车
831278.BJ,SW1汽车
831906.BJ,SW1汽车
832000.BJ,SW1汽车
832978.BJ,SW1汽车
833454.BJ,SW1汽车
833533.BJ,SW1汽车
834058.BJ,SW1汽车
836221.BJ,SW1汽车
836247.BJ,SW1汽车
836270.BJ,SW1汽车
836871.BJ,SW1汽车
837242.BJ,SW1汽车
837663.BJ,SW1汽车
838030.BJ,SW1汽车
838171.BJ,SW1汽车
838837.BJ,SW1汽车
839946.BJ,SW1汽车
870436.BJ,SW1汽车
873690.BJ,SW1汽车
920106.BJ,SW1汽车
600006.SH,SW1汽车
600066.SH,SW1汽车
600081.SH,SW1汽车
600099.SH,SW1汽车
600104.SH,SW1汽车
600148.SH,SW1汽车
600166.SH,SW1汽车
600178.SH,SW1汽车
600182.SH,SW1汽车
600218.SH,SW1汽车
600303.SH,SW1汽车
600335.SH,SW1汽车
600375.SH,SW1汽车
600386.SH,SW1汽车
600418.SH,SW1汽车
600469.SH,SW1汽车
600480.SH,SW1汽车
600523.SH,SW1汽车
600609.SH,SW1汽车
600626.SH,SW1汽车
600651.SH,SW1汽车
600653.SH,SW1汽车
600660.SH,SW1汽车
600676.SH,SW1汽车
600679.SH,SW1汽车
600686.SH,SW1汽车
600698.SH,SW1汽车
600699.SH,SW1汽车
600733.SH,SW1汽车
600741.SH,SW1汽车
600742.SH,SW1汽车
600818.SH,SW1汽车
600822.SH,SW1汽车
600841.SH,SW1汽车
600933.SH,SW1汽车
600960.SH,SW1汽车
601058.SH,SW1汽车
601127.SH,SW1汽车
601163.SH,SW1汽车
601238.SH,SW1汽车
601279.SH,SW1汽车
601500.SH,SW1汽车
601633.SH,SW1汽车
601689.SH,SW1汽车
601777.SH,SW1汽车
601799.SH,SW1汽车
601965.SH,SW1汽车
601966.SH,SW1汽车
603006.SH,SW1汽车
603009.SH,SW1汽车
603013.SH,SW1汽车
603023.SH,SW1汽车
603035.SH,SW1汽车
603037.SH,SW1汽车
603040.SH,SW1汽车
603048.SH,SW1汽车
603049.SH,SW1汽车
603085.SH,SW1汽车
603089.SH,SW1汽车
603107.SH,SW1汽车
603109.SH,SW1汽车
603119.SH,SW1汽车
603121.SH,SW1汽车
603129.SH,SW1汽车
603158.SH,SW1汽车
603161.SH,SW1汽车
603166.SH,SW1汽车
603178.SH,SW1汽车
603179.SH,SW1汽车
603190.SH,SW1汽车
603197.SH,SW1汽车
603201.SH,SW1汽车
603202.SH,SW1汽车
603210.SH,SW1汽车
603211.SH,SW1汽车
603239.SH,SW1汽车
603266.SH,SW1汽车
603286.SH,SW1汽车
603305.SH,SW1汽车
603306.SH,SW1汽车
603319.SH,SW1汽车
603335.SH,SW1汽车
603348.SH,SW1汽车
603358.SH,SW1汽车
603390.SH,SW1汽车
603409.SH,SW1汽车
603529.SH,SW1汽车
603586.SH,SW1汽车
603596.SH,SW1汽车
603655.SH,SW1汽车
603701.SH,SW1汽车
603730.SH,SW1汽车
603758.SH,SW1汽车
603766.SH,SW1汽车
603767.SH,SW1汽车
603768.SH,SW1汽车
603776.SH,SW1汽车
603786.SH,SW1汽车
603787.SH,SW1汽车
603788.SH,SW1汽车
603809.SH,SW1汽车
603917.SH,SW1汽车
603922.SH,SW1汽车
603926.SH,SW1汽车
603949.SH,SW1汽车
603950.SH,SW1汽车
603982.SH,SW1汽车
603997.SH,SW1汽车
605005.SH,SW1汽车
605018.SH,SW1汽车
605068.SH,SW1汽车
605088.SH,SW1汽车
605128.SH,SW1汽车
605133.SH,SW1汽车
605151.SH,SW1汽车
605228.SH,SW1汽车
605255.SH,SW1汽车
605319.SH,SW1汽车
605333.SH,SW1汽车
688021.SH,SW1汽车
688280.SH,SW1汽车
688533.SH,SW1汽车
688612.SH,SW1汽车
688667.SH,SW1汽车
688737.SH,SW1汽车
689009.SH,SW1汽车
000030.SZ,SW1汽车
000338.SZ,SW1汽车
000550.SZ,SW1汽车
000559.SZ,SW1汽车
000570.SZ,SW1汽车
000572.SZ,SW1汽车
000581.SZ,SW1汽车
000589.SZ,SW1汽车
000599.SZ,SW1汽车
000625.SZ,SW1汽车
000678.SZ,SW1汽车
000700.SZ,SW1汽车
000701.SZ,SW1汽车
000757.SZ,SW1汽车
000800.SZ,SW1汽车
000816.SZ,SW1汽车
000868.SZ,SW1汽车
000880.SZ,SW1汽车
000887.SZ,SW1汽车
000901.SZ,SW1汽车
000903.SZ,SW1汽车
000913.SZ,SW1汽车
000951.SZ,SW1汽车
000957.SZ,SW1汽车
000980.SZ,SW1汽车
000981.SZ,SW1汽车
001260.SZ,SW1汽车
001278.SZ,SW1汽车
001282.SZ,SW1汽车
001311.SZ,SW1汽车
001319.SZ,SW1汽车
001380.SZ,SW1汽车
002048.SZ,SW1汽车
002085.SZ,SW1汽车
002101.SZ,SW1汽车
002105.SZ,SW1汽车
002126.SZ,SW1汽车
002190.SZ,SW1汽车
002239.SZ,SW1汽车
002265.SZ,SW1汽车
002283.SZ,SW1汽车
002284.SZ,SW1汽车
002328.SZ,SW1汽车
002355.SZ,SW1汽车
002363.SZ,SW1汽车
002406.SZ,SW1汽车
002434.SZ,SW1汽车
002448.SZ,SW1汽车
002454.SZ,SW1汽车
002472.SZ,SW1汽车
002488.SZ,SW1汽车
002510.SZ,SW1汽车
002516.SZ,SW1汽车
002536.SZ,SW1汽车
002537.SZ,SW1汽车
002547.SZ,SW1汽车
002553.SZ,SW1汽车
002590.SZ,SW1汽车
002592.SZ,SW1汽车
002594.SZ,SW1汽车
002662.SZ,SW1汽车
002664.SZ,SW1汽车
002703.SZ,SW1汽车
002708.SZ,SW1汽车
002715.SZ,SW1汽车
002725.SZ,SW1汽车
002766.SZ,SW1汽车
002806.SZ,SW1汽车
002813.SZ,SW1汽车
002863.SZ,SW1汽车
002870.SZ,SW1汽车
002906.SZ,SW1汽车
002921.SZ,SW1汽车
002937.SZ,SW1汽车
002965.SZ,SW1汽车
002976.SZ,SW1汽车
002984.SZ,SW1汽车
002997.SZ,SW1汽车
003033.SZ,SW1汽车
300100.SZ,SW1汽车
300176.SZ,SW1汽车
300237.SZ,SW1汽车
300258.SZ,SW1汽车
300304.SZ,SW1汽车
300375.SZ,SW1汽车
300428.SZ,SW1汽车
300446.SZ,SW1汽车
300473.SZ,SW1汽车
300507.SZ,SW1汽车
300547.SZ,SW1汽车
300580.SZ,SW1汽车
300585.SZ,SW1汽车
300611.SZ,SW1汽车
300643.SZ,SW1汽车
300652.SZ,SW1汽车
300680.SZ,SW1汽车
300681.SZ,SW1汽车
300694.SZ,SW1汽车
300695.SZ,SW1汽车
300707.SZ,SW1汽车
300733.SZ,SW1汽车
300745.SZ,SW1汽车
300816.SZ,SW1汽车
300825.SZ,SW1汽车
300863.SZ,SW1汽车
300893.SZ,SW1汽车
300912.SZ,SW1汽车
300926.SZ,SW1汽车
300928.SZ,SW1汽车
300969.SZ,SW1汽车
300978.SZ,SW1汽车
300994.SZ,SW1汽车
300998.SZ,SW1汽车
301000.SZ,SW1汽车
301005.SZ,SW1汽车
301007.SZ,SW1汽车
301020.SZ,SW1汽车
301022.SZ,SW1汽车
301039.SZ,SW1汽车
301072.SZ,SW1汽车
301119.SZ,SW1汽车
301133.SZ,SW1汽车
301170.SZ,SW1汽车
301173.SZ,SW1汽车
301181.SZ,SW1汽车
301186.SZ,SW1汽车
301192.SZ,SW1汽车
301215.SZ,SW1汽车
301221.SZ,SW1汽车
301225.SZ,SW1汽车
301229.SZ,SW1汽车
301233.SZ,SW1汽车
301298.SZ,SW1汽车
301310.SZ,SW1汽车
301322.SZ,SW1汽车
301345.SZ,SW1汽车
301397.SZ,SW1汽车
301398.SZ,SW1汽车
301488.SZ,SW1汽车
301499.SZ,SW1汽车
301529.SZ,SW1汽车
301535.SZ,SW1汽车
301539.SZ,SW1汽车
301550.SZ,SW1汽车
301552.SZ,SW1汽车
301560.SZ,SW1汽车
301581.SZ,SW1汽车
301607.SZ,SW1汽车
301613.SZ,SW1汽车
301631.SZ,SW1汽车
600121.SH,SW1煤炭
600123.SH,SW1煤炭
600157.SH,SW1煤炭
600188.SH,SW1煤炭
600348.SH,SW1煤炭
600395.SH,SW1煤炭
600397.SH,SW1煤炭
600403.SH,SW1煤炭
600408.SH,SW1煤炭
600508.SH,SW1煤炭
600546.SH,SW1煤炭
600575.SH,SW1煤炭
600725.SH,SW1煤炭
600740.SH,SW1煤炭
600758.SH,SW1煤炭
600792.SH,SW1煤炭
600925.SH,SW1煤炭
600971.SH,SW1煤炭
600985.SH,SW1煤炭
600997.SH,SW1煤炭
601001.SH,SW1煤炭
601011.SH,SW1煤炭
601015.SH,SW1煤炭
601088.SH,SW1煤炭
601101.SH,SW1煤炭
601225.SH,SW1煤炭
601666.SH,SW1煤炭
601699.SH,SW1煤炭
601898.SH,SW1煤炭
601918.SH,SW1煤炭
603071.SH,SW1煤炭
000552.SZ,SW1煤炭
000571.SZ,SW1煤炭
000723.SZ,SW1煤炭
000937.SZ,SW1煤炭
000983.SZ,SW1煤炭
002128.SZ,SW1煤炭
831370.BJ,SW1环保
832145.BJ,SW1环保
832802.BJ,SW1环保
836263.BJ,SW1环保
600008.SH,SW1环保
600133.SH,SW1环保
600168.SH,SW1环保
600187.SH,SW1环保
600217.SH,SW1环保
600283.SH,SW1环保
600292.SH,SW1环保
600323.SH,SW1环保
600388.SH,SW1环保
600461.SH,SW1环保
600526.SH,SW1环保
600769.SH,SW1环保
600796.SH,SW1环保
600817.SH,SW1环保
600874.SH,SW1环保
601033.SH,SW1环保
601158.SH,SW1环保
601199.SH,SW1环保
601200.SH,SW1环保
601330.SH,SW1环保
601368.SH,SW1环保
601827.SH,SW1环保
603126.SH,SW1环保
603177.SH,SW1环保
603200.SH,SW1环保
603282.SH,SW1环保
603291.SH,SW1环保
603315.SH,SW1环保
603324.SH,SW1环保
603568.SH,SW1环保
603588.SH,SW1环保
603686.SH,SW1环保
603759.SH,SW1环保
603797.SH,SW1环保
603817.SH,SW1环保
603903.SH,SW1环保
605069.SH,SW1环保
605081.SH,SW1环保
688057.SH,SW1环保
688069.SH,SW1环保
688096.SH,SW1环保
688101.SH,SW1环保
688178.SH,SW1环保
688309.SH,SW1环保
688335.SH,SW1环保
688370.SH,SW1环保
688376.SH,SW1环保
688466.SH,SW1环保
688480.SH,SW1环保
688501.SH,SW1环保
688565.SH,SW1环保
688600.SH,SW1环保
688671.SH,SW1环保
688679.SH,SW1环保
688701.SH,SW1环保
000035.SZ,SW1环保
000068.SZ,SW1环保
000544.SZ,SW1环保
000546.SZ,SW1环保
000551.SZ,SW1环保
000598.SZ,SW1环保
000605.SZ,SW1环保
000685.SZ,SW1环保
000711.SZ,SW1环保
000820.SZ,SW1环保
000826.SZ,SW1环保
000885.SZ,SW1环保
000890.SZ,SW1环保
000967.SZ,SW1环保
001230.SZ,SW1环保
001336.SZ,SW1环保
002034.SZ,SW1环保
002210.SZ,SW1环保
002266.SZ,SW1环保
002573.SZ,SW1环保
002645.SZ,SW1环保
002658.SZ,SW1环保
002672.SZ,SW1环保
002778.SZ,SW1环保
002887.SZ,SW1环保
002973.SZ,SW1环保
003027.SZ,SW1环保
003039.SZ,SW1环保
300056.SZ,SW1环保
300070.SZ,SW1环保
300105.SZ,SW1环保
300137.SZ,SW1环保
300140.SZ,SW1环保
300152.SZ,SW1环保
300172.SZ,SW1环保
300187.SZ,SW1环保
300190.SZ,SW1环保
300203.SZ,SW1环保
300210.SZ,SW1环保
300266.SZ,SW1环保
300334.SZ,SW1环保
300385.SZ,SW1环保
300388.SZ,SW1环保
300422.SZ,SW1环保
300425.SZ,SW1环保
300437.SZ,SW1环保
300614.SZ,SW1环保
300631.SZ,SW1环保
300664.SZ,SW1环保
300692.SZ,SW1环保
300774.SZ,SW1环保
300779.SZ,SW1环保
300786.SZ,SW1环保
300800.SZ,SW1环保
300815.SZ,SW1环保
300854.SZ,SW1环保
300864.SZ,SW1环保
300867.SZ,SW1环保
300899.SZ,SW1环保
300929.SZ,SW1环保
300958.SZ,SW1环保
300961.SZ,SW1环保
301030.SZ,SW1环保
301049.SZ,SW1环保
301068.SZ,SW1环保
301081.SZ,SW1环保
301109.SZ,SW1环保
301127.SZ,SW1环保
301148.SZ,SW1环保
301175.SZ,SW1环保
301203.SZ,SW1环保
301259.SZ,SW1环保
301265.SZ,SW1环保
301288.SZ,SW1环保
301305.SZ,SW1环保
301372.SZ,SW1环保
301500.SZ,SW1环保
301519.SZ,SW1环保
430556.BJ,SW1电力设备
830779.BJ,SW1电力设备
830809.BJ,SW1电力设备
831152.BJ,SW1电力设备
831175.BJ,SW1电力设备
831396.BJ,SW1电力设备
831627.BJ,SW1电力设备
832110.BJ,SW1电力设备
832522.BJ,SW1电力设备
833523.BJ,SW1电力设备
833914.BJ,SW1电力设备
834062.BJ,SW1电力设备
834639.BJ,SW1电力设备
834770.BJ,SW1电力设备
835185.BJ,SW1电力设备
835237.BJ,SW1电力设备
835368.BJ,SW1电力设备
835508.BJ,SW1电力设备
835985.BJ,SW1电力设备
836239.BJ,SW1电力设备
836414.BJ,SW1电力设备
837046.BJ,SW1电力设备
870299.BJ,SW1电力设备
873152.BJ,SW1电力设备
920029.BJ,SW1电力设备
920111.BJ,SW1电力设备
920118.BJ,SW1电力设备
920167.BJ,SW1电力设备
920682.BJ,SW1电力设备
600067.SH,SW1电力设备
600072.SH,SW1电力设备
600089.SH,SW1电力设备
600110.SH,SW1电力设备
600151.SH,SW1电力设备
600152.SH,SW1电力设备
600192.SH,SW1电力设备
600207.SH,SW1电力设备
600212.SH,SW1电力设备
600241.SH,SW1电力设备
600268.SH,SW1电力设备
600312.SH,SW1电力设备
600379.SH,SW1电力设备
600405.SH,SW1电力设备
600406.SH,SW1电力设备
600416.SH,SW1电力设备
600438.SH,SW1电力设备
600468.SH,SW1电力设备
600478.SH,SW1电力设备
600481.SH,SW1电力设备
600482.SH,SW1电力设备
600525.SH,SW1电力设备
600537.SH,SW1电力设备
600550.SH,SW1电力设备
600577.SH,SW1电力设备
600580.SH,SW1电力设备
600732.SH,SW1电力设备
600847.SH,SW1电力设备
600869.SH,SW1电力设备
600875.SH,SW1电力设备
600884.SH,SW1电力设备
600885.SH,SW1电力设备
600973.SH,SW1电力设备
601012.SH,SW1电力设备
601126.SH,SW1电力设备
601179.SH,SW1电力设备
601218.SH,SW1电力设备
601311.SH,SW1电力设备
601567.SH,SW1电力设备
601615.SH,SW1电力设备
601616.SH,SW1电力设备
601700.SH,SW1电力设备
601727.SH,SW1电力设备
601865.SH,SW1电力设备
601877.SH,SW1电力设备
603016.SH,SW1电力设备
603026.SH,SW1电力设备
603031.SH,SW1电力设备
603032.SH,SW1电力设备
603050.SH,SW1电力设备
603063.SH,SW1电力设备
603070.SH,SW1电力设备
603097.SH,SW1电力设备
603185.SH,SW1电力设备
603191.SH,SW1电力设备
603212.SH,SW1电力设备
603218.SH,SW1电力设备
603312.SH,SW1电力设备
603320.SH,SW1电力设备
603333.SH,SW1电力设备
603344.SH,SW1电力设备
603350.SH,SW1电力设备
603381.SH,SW1电力设备
603396.SH,SW1电力设备
603398.SH,SW1电力设备
603489.SH,SW1电力设备
603507.SH,SW1电力设备
603530.SH,SW1电力设备
603556.SH,SW1电力设备
603577.SH,SW1电力设备
603606.SH,SW1电力设备
603618.SH,SW1电力设备
603628.SH,SW1电力设备
603659.SH,SW1电力设备
603728.SH,SW1电力设备
603806.SH,SW1电力设备
603819.SH,SW1电力设备
603829.SH,SW1电力设备
603861.SH,SW1电力设备
603897.SH,SW1电力设备
603906.SH,SW1电力设备
603985.SH,SW1电力设备
603988.SH,SW1电力设备
605066.SH,SW1电力设备
605117.SH,SW1电力设备
605196.SH,SW1电力设备
605222.SH,SW1电力设备
605378.SH,SW1电力设备
688005.SH,SW1电力设备
688006.SH,SW1电力设备
688032.SH,SW1电力设备
688063.SH,SW1电力设备
688116.SH,SW1电力设备
688147.SH,SW1电力设备
688148.SH,SW1电力设备
688155.SH,SW1电力设备
688184.SH,SW1电力设备
688186.SH,SW1电力设备
688191.SH,SW1电力设备
688223.SH,SW1电力设备
688226.SH,SW1电力设备
688248.SH,SW1电力设备
688275.SH,SW1电力设备
688303.SH,SW1电力设备
688330.SH,SW1电力设备
688339.SH,SW1电力设备
688345.SH,SW1电力设备
688348.SH,SW1电力设备
688349.SH,SW1电力设备
688353.SH,SW1电力设备
688388.SH,SW1电力设备
688390.SH,SW1电力设备
688392.SH,SW1电力设备
688408.SH,SW1电力设备
688411.SH,SW1电力设备
688429.SH,SW1电力设备
688472.SH,SW1电力设备
688499.SH,SW1电力设备
688503.SH,SW1电力设备
688516.SH,SW1电力设备
688517.SH,SW1电力设备
688551.SH,SW1电力设备
688556.SH,SW1电力设备
688560.SH,SW1电力设备
688567.SH,SW1电力设备
688573.SH,SW1电力设备
688597.SH,SW1电力设备
688598.SH,SW1电力设备
688599.SH,SW1电力设备
688611.SH,SW1电力设备
688616.SH,SW1电力设备
688638.SH,SW1电力设备
688660.SH,SW1电力设备
688663.SH,SW1电力设备
688676.SH,SW1电力设备
688680.SH,SW1电力设备
688681.SH,SW1电力设备
688707.SH,SW1电力设备
688717.SH,SW1电力设备
688719.SH,SW1电力设备
688726.SH,SW1电力设备
688733.SH,SW1电力设备
688772.SH,SW1电力设备
688778.SH,SW1电力设备
688779.SH,SW1电力设备
688819.SH,SW1电力设备
000009.SZ,SW1电力设备
000049.SZ,SW1电力设备
000159.SZ,SW1电力设备
000400.SZ,SW1电力设备
000533.SZ,SW1电力设备
000682.SZ,SW1电力设备
000695.SZ,SW1电力设备
000720.SZ,SW1电力设备
000821.SZ,SW1电力设备
000922.SZ,SW1电力设备
001208.SZ,SW1电力设备
001269.SZ,SW1电力设备
001283.SZ,SW1电力设备
001301.SZ,SW1电力设备
001382.SZ,SW1电力设备
002028.SZ,SW1电力设备
002056.SZ,SW1电力设备
002074.SZ,SW1电力设备
002079.SZ,SW1电力设备
002090.SZ,SW1电力设备
002112.SZ,SW1电力设备
002121.SZ,SW1电力设备
002125.SZ,SW1电力设备
002129.SZ,SW1电力设备
002168.SZ,SW1电力设备
002169.SZ,SW1电力设备
002176.SZ,SW1电力设备
002196.SZ,SW1电力设备
002202.SZ,SW1电力设备
002227.SZ,SW1电力设备
002245.SZ,SW1电力设备
002249.SZ,SW1电力设备
002255.SZ,SW1电力设备
002270.SZ,SW1电力设备
002276.SZ,SW1电力设备
002300.SZ,SW1电力设备
002309.SZ,SW1电力设备
002335.SZ,SW1电力设备
002339.SZ,SW1电力设备
002340.SZ,SW1电力设备
002346.SZ,SW1电力设备
002350.SZ,SW1电力设备
002358.SZ,SW1电力设备
002364.SZ,SW1电力设备
002366.SZ,SW1电力设备
002441.SZ,SW1电力设备
002451.SZ,SW1电力设备
002452.SZ,SW1电力设备
002459.SZ,SW1电力设备
002471.SZ,SW1电力设备
002487.SZ,SW1电力设备
002498.SZ,SW1电力设备
002506.SZ,SW1电力设备
002518.SZ,SW1电力设备
002531.SZ,SW1电力设备
002533.SZ,SW1电力设备
002534.SZ,SW1电力设备
002546.SZ,SW1电力设备
002560.SZ,SW1电力设备
002576.SZ,SW1电力设备
002580.SZ,SW1电力设备
002606.SZ,SW1电力设备
002623.SZ,SW1电力设备
002630.SZ,SW1电力设备
002692.SZ,SW1电力设备
002706.SZ,SW1电力设备
002709.SZ,SW1电力设备
002733.SZ,SW1电力设备
002759.SZ,SW1电力设备
002801.SZ,SW1电力设备
002805.SZ,SW1电力设备
002812.SZ,SW1电力设备
002823.SZ,SW1电力设备
002850.SZ,SW1电力设备
002851.SZ,SW1电力设备
002857.SZ,SW1电力设备
002865.SZ,SW1电力设备
002879.SZ,SW1电力设备
002882.SZ,SW1电力设备
002892.SZ,SW1电力设备
002927.SZ,SW1电力设备
002953.SZ,SW1电力设备
002980.SZ,SW1电力设备
003021.SZ,SW1电力设备
003022.SZ,SW1电力设备
300001.SZ,SW1电力设备
300014.SZ,SW1电力设备
300018.SZ,SW1电力设备
300035.SZ,SW1电力设备
300037.SZ,SW1电力设备
300051.SZ,SW1电力设备
300062.SZ,SW1电力设备
300068.SZ,SW1电力设备
300069.SZ,SW1电力设备
300073.SZ,SW1电力设备
300080.SZ,SW1电力设备
300093.SZ,SW1电力设备
300118.SZ,SW1电力设备
300128.SZ,SW1电力设备
300129.SZ,SW1电力设备
300141.SZ,SW1电力设备
300153.SZ,SW1电力设备
300173.SZ,SW1电力设备
300185.SZ,SW1电力设备
300207.SZ,SW1电力设备
300222.SZ,SW1电力设备
300265.SZ,SW1电力设备
300274.SZ,SW1电力设备
300283.SZ,SW1电力设备
300286.SZ,SW1电力设备
300316.SZ,SW1电力设备
300340.SZ,SW1电力设备
300345.SZ,SW1电力设备
300360.SZ,SW1电力设备
300376.SZ,SW1电力设备
300390.SZ,SW1电力设备
300393.SZ,SW1电力设备
300407.SZ,SW1电力设备
300409.SZ,SW1电力设备
300410.SZ,SW1电力设备
300423.SZ,SW1电力设备
300427.SZ,SW1电力设备
300432.SZ,SW1电力设备
300438.SZ,SW1电力设备
300443.SZ,SW1电力设备
300444.SZ,SW1电力设备
300450.SZ,SW1电力设备
300457.SZ,SW1电力设备
300477.SZ,SW1电力设备
300490.SZ,SW1电力设备
300491.SZ,SW1电力设备
300510.SZ,SW1电力设备
300514.SZ,SW1电力设备
300568.SZ,SW1电力设备
300569.SZ,SW1电力设备
300593.SZ,SW1电力设备
300617.SZ,SW1电力设备
300619.SZ,SW1电力设备
300626.SZ,SW1电力设备
300648.SZ,SW1电力设备
300660.SZ,SW1电力设备
300670.SZ,SW1电力设备
300690.SZ,SW1电力设备
300693.SZ,SW1电力设备
300713.SZ,SW1电力设备
300724.SZ,SW1电力设备
300750.SZ,SW1电力设备
300751.SZ,SW1电力设备
300763.SZ,SW1电力设备
300769.SZ,SW1电力设备
300772.SZ,SW1电力设备
300776.SZ,SW1电力设备
300820.SZ,SW1电力设备
300827.SZ,SW1电力设备
300842.SZ,SW1电力设备
300850.SZ,SW1电力设备
300853.SZ,SW1电力设备
300870.SZ,SW1电力设备
300880.SZ,SW1电力设备
300882.SZ,SW1电力设备
300890.SZ,SW1电力设备
300904.SZ,SW1电力设备
300907.SZ,SW1电力设备
300919.SZ,SW1电力设备
300932.SZ,SW1电力设备
300933.SZ,SW1电力设备
300953.SZ,SW1电力设备
301002.SZ,SW1电力设备
301012.SZ,SW1电力设备
301023.SZ,SW1电力设备
301040.SZ,SW1电力设备
301082.SZ,SW1电力设备
301120.SZ,SW1电力设备
301121.SZ,SW1电力设备
301150.SZ,SW1电力设备
301152.SZ,SW1电力设备
301155.SZ,SW1电力设备
301157.SZ,SW1电力设备
301163.SZ,SW1电力设备
301168.SZ,SW1电力设备
301179.SZ,SW1电力设备
301210.SZ,SW1电力设备
301217.SZ,SW1电力设备
301222.SZ,SW1电力设备
301226.SZ,SW1电力设备
301232.SZ,SW1电力设备
301238.SZ,SW1电力设备
301266.SZ,SW1电力设备
301278.SZ,SW1电力设备
301291.SZ,SW1电力设备
301292.SZ,SW1电力设备
301295.SZ,SW1电力设备
301325.SZ,SW1电力设备
301327.SZ,SW1电力设备
301349.SZ,SW1电力设备
301358.SZ,SW1电力设备
301361.SZ,SW1电力设备
301386.SZ,SW1电力设备
301388.SZ,SW1电力设备
301439.SZ,SW1电力设备
301456.SZ,SW1电力设备
301487.SZ,SW1电力设备
301502.SZ,SW1电力设备
301511.SZ,SW1电力设备
301516.SZ,SW1电力设备
301557.SZ,SW1电力设备
301587.SZ,SW1电力设备
301590.SZ,SW1电力设备
301636.SZ,SW1电力设备
301658.SZ,SW1电力设备
301662.SZ,SW1电力设备
430139.BJ,SW1电子
831167.BJ,SW1电子
831526.BJ,SW1电子
832491.BJ,SW1电子
832876.BJ,SW1电子
833346.BJ,SW1电子
835179.BJ,SW1电子
835438.BJ,SW1电子
837212.BJ,SW1电子
837821.BJ,SW1电子
838701.BJ,SW1电子
870357.BJ,SW1电子
871857.BJ,SW1电子
871981.BJ,SW1电子
873001.BJ,SW1电子
920060.BJ,SW1电子
920128.BJ,SW1电子
600071.SH,SW1电子
600130.SH,SW1电子
600171.SH,SW1电子
600183.SH,SW1电子
600203.SH,SW1电子
600206.SH,SW1电子
600237.SH,SW1电子
600330.SH,SW1电子
600353.SH,SW1电子
600360.SH,SW1电子
600363.SH,SW1电子
600460.SH,SW1电子
600552.SH,SW1电子
600563.SH,SW1电子
600584.SH,SW1电子
600601.SH,SW1电子
600666.SH,SW1电子
600703.SH,SW1电子
600707.SH,SW1电子
600745.SH,SW1电子
600877.SH,SW1电子
601138.SH,SW1电子
601231.SH,SW1电子
603002.SH,SW1电子
603005.SH,SW1电子
603052.SH,SW1电子
603061.SH,SW1电子
603068.SH,SW1电子
603078.SH,SW1电子
603160.SH,SW1电子
603186.SH,SW1电子
603228.SH,SW1电子
603290.SH,SW1电子
603296.SH,SW1电子
603297.SH,SW1电子
603327.SH,SW1电子
603328.SH,SW1电子
603341.SH,SW1电子
603375.SH,SW1电子
603380.SH,SW1电子
603386.SH,SW1电子
603501.SH,SW1电子
603595.SH,SW1电子
603626.SH,SW1电子
603629.SH,SW1电子
603633.SH,SW1电子
603679.SH,SW1电子
603685.SH,SW1电子
603690.SH,SW1电子
603703.SH,SW1电子
603738.SH,SW1电子
603773.SH,SW1电子
603890.SH,SW1电子
603893.SH,SW1电子
603920.SH,SW1电子
603931.SH,SW1电子
603933.SH,SW1电子
603936.SH,SW1电子
603986.SH,SW1电子
603989.SH,SW1电子
605058.SH,SW1电子
605111.SH,SW1电子
605218.SH,SW1电子
605258.SH,SW1电子
605277.SH,SW1电子
605358.SH,SW1电子
605588.SH,SW1电子
688007.SH,SW1电子
688008.SH,SW1电子
688010.SH,SW1电子
688012.SH,SW1电子
688018.SH,SW1电子
688019.SH,SW1电子
688020.SH,SW1电子
688035.SH,SW1电子
688036.SH,SW1电子
688037.SH,SW1电子
688041.SH,SW1电子
688045.SH,SW1电子
688047.SH,SW1电子
688048.SH,SW1电子
688049.SH,SW1电子
688052.SH,SW1电子
688055.SH,SW1电子
688061.SH,SW1电子
688072.SH,SW1电子
688079.SH,SW1电子
688082.SH,SW1电子
688093.SH,SW1电子
688099.SH,SW1电子
688103.SH,SW1电子
688106.SH,SW1电子
688107.SH,SW1电子
688110.SH,SW1电子
688120.SH,SW1电子
688123.SH,SW1电子
688126.SH,SW1电子
688127.SH,SW1电子
688130.SH,SW1电子
688135.SH,SW1电子
688138.SH,SW1电子
688141.SH,SW1电子
688146.SH,SW1电子
688150.SH,SW1电子
688153.SH,SW1电子
688167.SH,SW1电子
688172.SH,SW1电子
688173.SH,SW1电子
688181.SH,SW1电子
688183.SH,SW1电子
688195.SH,SW1电子
688200.SH,SW1电子
688209.SH,SW1电子
688210.SH,SW1电子
688213.SH,SW1电子
688216.SH,SW1电子
688220.SH,SW1电子
688230.SH,SW1电子
688233.SH,SW1电子
688234.SH,SW1电子
688249.SH,SW1电子
688252.SH,SW1电子
688256.SH,SW1电子
688259.SH,SW1电子
688260.SH,SW1电子
688261.SH,SW1电子
688262.SH,SW1电子
688268.SH,SW1电子
688270.SH,SW1电子
688279.SH,SW1电子
688286.SH,SW1电子
688299.SH,SW1电子
688322.SH,SW1电子
688325.SH,SW1电子
688332.SH,SW1电子
688347.SH,SW1电子
688352.SH,SW1电子
688359.SH,SW1电子
688361.SH,SW1电子
688362.SH,SW1电子
688368.SH,SW1电子
688371.SH,SW1电子
688372.SH,SW1电子
688378.SH,SW1电子
688380.SH,SW1电子
688381.SH,SW1电子
688385.SH,SW1电子
688391.SH,SW1电子
688396.SH,SW1电子
688401.SH,SW1电子
688403.SH,SW1电子
688409.SH,SW1电子
688416.SH,SW1电子
688419.SH,SW1电子
688432.SH,SW1电子
688449.SH,SW1电子
688458.SH,SW1电子
688469.SH,SW1电子
688478.SH,SW1电子
688484.SH,SW1电子
688486.SH,SW1电子
688496.SH,SW1电子
688498.SH,SW1电子
688502.SH,SW1电子
688508.SH,SW1电子
688512.SH,SW1电子
688515.SH,SW1电子
688519.SH,SW1电子
688521.SH,SW1电子
688525.SH,SW1电子
688530.SH,SW1电子
688535.SH,SW1电子
688536.SH,SW1电子
688538.SH,SW1电子
688539.SH,SW1电子
688545.SH,SW1电子
688548.SH,SW1电子
688549.SH,SW1电子
688550.SH,SW1电子
688582.SH,SW1电子
688584.SH,SW1电子
688589.SH,SW1电子
688591.SH,SW1电子
688593.SH,SW1电子
688595.SH,SW1电子
688601.SH,SW1电子
688603.SH,SW1电子
688605.SH,SW1电子
688608.SH,SW1电子
688620.SH,SW1电子
688652.SH,SW1电子
688653.SH,SW1电子
688655.SH,SW1电子
688661.SH,SW1电子
688662.SH,SW1电子
688678.SH,SW1电子
688683.SH,SW1电子
688689.SH,SW1电子
688691.SH,SW1电子
688693.SH,SW1电子
688699.SH,SW1电子
688702.SH,SW1电子
688709.SH,SW1电子
688711.SH,SW1电子
688720.SH,SW1电子
688721.SH,SW1电子
688728.SH,SW1电子
688766.SH,SW1电子
688775.SH,SW1电子
688798.SH,SW1电子
688800.SH,SW1电子
688981.SH,SW1电子
000020.SZ,SW1电子
000021.SZ,SW1电子
000045.SZ,SW1电子
000050.SZ,SW1电子
000062.SZ,SW1电子
000100.SZ,SW1电子
000509.SZ,SW1电子
000536.SZ,SW1电子
000636.SZ,SW1电子
000670.SZ,SW1电子
000725.SZ,SW1电子
000727.SZ,SW1电子
000823.SZ,SW1电子
001287.SZ,SW1电子
001298.SZ,SW1电子
001308.SZ,SW1电子
001309.SZ,SW1电子
001314.SZ,SW1电子
001373.SZ,SW1电子
001389.SZ,SW1电子
002036.SZ,SW1电子
002045.SZ,SW1电子
002049.SZ,SW1电子
002055.SZ,SW1电子
002077.SZ,SW1电子
002106.SZ,SW1电子
002119.SZ,SW1电子
002130.SZ,SW1电子
002134.SZ,SW1电子
002137.SZ,SW1电子
002138.SZ,SW1电子
002139.SZ,SW1电子
002156.SZ,SW1电子
002161.SZ,SW1电子
002185.SZ,SW1电子
002199.SZ,SW1电子
002213.SZ,SW1电子
002217.SZ,SW1电子
002222.SZ,SW1电子
002241.SZ,SW1电子
002273.SZ,SW1电子
002289.SZ,SW1电子
002351.SZ,SW1电子
002369.SZ,SW1电子
002371.SZ,SW1电子
002384.SZ,SW1电子
002387.SZ,SW1电子
002388.SZ,SW1电子
002409.SZ,SW1电子
002426.SZ,SW1电子
002436.SZ,SW1电子
002449.SZ,SW1电子
002456.SZ,SW1电子
002463.SZ,SW1电子
002475.SZ,SW1电子
002484.SZ,SW1电子
002579.SZ,SW1电子
002584.SZ,SW1电子
002587.SZ,SW1电子
002600.SZ,SW1电子
002635.SZ,SW1电子
002636.SZ,SW1电子
002643.SZ,SW1电子
002654.SZ,SW1电子
002655.SZ,SW1电子
002660.SZ,SW1电子
002681.SZ,SW1电子
002729.SZ,SW1电子
002741.SZ,SW1电子
002745.SZ,SW1电子
002765.SZ,SW1电子
002782.SZ,SW1电子
002808.SZ,SW1电子
002815.SZ,SW1电子
002841.SZ,SW1电子
002845.SZ,SW1电子
002855.SZ,SW1电子
002859.SZ,SW1电子
002861.SZ,SW1电子
002866.SZ,SW1电子
002876.SZ,SW1电子
002885.SZ,SW1电子
002888.SZ,SW1电子
002913.SZ,SW1电子
002916.SZ,SW1电子
002922.SZ,SW1电子
002925.SZ,SW1电子
002938.SZ,SW1电子
002947.SZ,SW1电子
002952.SZ,SW1电子
002955.SZ,SW1电子
002962.SZ,SW1电子
002981.SZ,SW1电子
002983.SZ,SW1电子
002992.SZ,SW1电子
002993.SZ,SW1电子
003015.SZ,SW1电子
003019.SZ,SW1电子
003026.SZ,SW1电子
003043.SZ,SW1电子
300032.SZ,SW1电子
300046.SZ,SW1电子
300053.SZ,SW1电子
300054.SZ,SW1电子
300076.SZ,SW1电子
300077.SZ,SW1电子
300088.SZ,SW1电子
300102.SZ,SW1电子
300115.SZ,SW1电子
300120.SZ,SW1电子
300131.SZ,SW1电子
300136.SZ,SW1电子
300162.SZ,SW1电子
300184.SZ,SW1电子
300219.SZ,SW1电子
300223.SZ,SW1电子
300232.SZ,SW1电子
300236.SZ,SW1电子
300241.SZ,SW1电子
300256.SZ,SW1电子
300269.SZ,SW1电子
300285.SZ,SW1电子
300296.SZ,SW1电子
300301.SZ,SW1电子
300303.SZ,SW1电子
300319.SZ,SW1电子
300322.SZ,SW1电子
300323.SZ,SW1电子
300327.SZ,SW1电子
300331.SZ,SW1电子
300346.SZ,SW1电子
300373.SZ,SW1电子
300389.SZ,SW1电子
300398.SZ,SW1电子
300408.SZ,SW1电子
300429.SZ,SW1电子
300433.SZ,SW1电子
300456.SZ,SW1电子
300458.SZ,SW1电子
300460.SZ,SW1电子
300475.SZ,SW1电子
300476.SZ,SW1电子
300481.SZ,SW1电子
300489.SZ,SW1电子
300493.SZ,SW1电子
300516.SZ,SW1电子
300537.SZ,SW1电子
300545.SZ,SW1电子
300566.SZ,SW1电子
300576.SZ,SW1电子
300582.SZ,SW1电子
300602.SZ,SW1电子
300604.SZ,SW1电子
300613.SZ,SW1电子
300623.SZ,SW1电子
300632.SZ,SW1电子
300647.SZ,SW1电子
300650.SZ,SW1电子
300655.SZ,SW1电子
300656.SZ,SW1电子
300657.SZ,SW1电子
300661.SZ,SW1电子
300666.SZ,SW1电子
300671.SZ,SW1电子
300672.SZ,SW1电子
300679.SZ,SW1电子
300684.SZ,SW1电子
300686.SZ,SW1电子
300701.SZ,SW1电子
300706.SZ,SW1电子
300708.SZ,SW1电子
300709.SZ,SW1电子
300735.SZ,SW1电子
300736.SZ,SW1电子
300739.SZ,SW1电子
300752.SZ,SW1电子
300782.SZ,SW1电子
300784.SZ,SW1电子
300787.SZ,SW1电子
300793.SZ,SW1电子
300808.SZ,SW1电子
300812.SZ,SW1电子
300814.SZ,SW1电子
300822.SZ,SW1电子
300831.SZ,SW1电子
300843.SZ,SW1电子
300852.SZ,SW1电子
300857.SZ,SW1电子
300866.SZ,SW1电子
300868.SZ,SW1电子
300889.SZ,SW1电子
300903.SZ,SW1电子
300909.SZ,SW1电子
300916.SZ,SW1电子
300936.SZ,SW1电子
300939.SZ,SW1电子
300940.SZ,SW1电子
300951.SZ,SW1电子
300956.SZ,SW1电子
300964.SZ,SW1电子
300968.SZ,SW1电子
300975.SZ,SW1电子
300976.SZ,SW1电子
300991.SZ,SW1电子
301031.SZ,SW1电子
301041.SZ,SW1电子
301045.SZ,SW1电子
301051.SZ,SW1电子
301067.SZ,SW1电子
301086.SZ,SW1电子
301099.SZ,SW1电子
301106.SZ,SW1电子
301123.SZ,SW1电子
301132.SZ,SW1电子
301176.SZ,SW1电子
301180.SZ,SW1电子
301183.SZ,SW1电子
301189.SZ,SW1电子
301251.SZ,SW1电子
301275.SZ,SW1电子
301282.SZ,SW1电子
301285.SZ,SW1电子
301297.SZ,SW1电子
301308.SZ,SW1电子
301319.SZ,SW1电子
301321.SZ,SW1电子
301326.SZ,SW1电子
301328.SZ,SW1电子
301329.SZ,SW1电子
301348.SZ,SW1电子
301359.SZ,SW1电子
301366.SZ,SW1电子
301369.SZ,SW1电子
301379.SZ,SW1电子
301383.SZ,SW1电子
301387.SZ,SW1电子
301389.SZ,SW1电子
301421.SZ,SW1电子
301458.SZ,SW1电子
301479.SZ,SW1电子
301486.SZ,SW1电子
301489.SZ,SW1电子
301536.SZ,SW1电子
301566.SZ,SW1电子
301567.SZ,SW1电子
301606.SZ,SW1电子
301611.SZ,SW1电子
301626.SZ,SW1电子
301628.SZ,SW1电子
301629.SZ,SW1电子
920088.BJ,SW1石油石化
600028.SH,SW1石油石化
600256.SH,SW1石油石化
600339.SH,SW1石油石化
600346.SH,SW1石油石化
600387.SH,SW1石油石化
600506.SH,SW1石油石化
600583.SH,SW1石油石化
600688.SH,SW1石油石化
600759.SH,SW1石油石化
600777.SH,SW1石油石化
600800.SH,SW1石油石化
600871.SH,SW1石油石化
600938.SH,SW1石油石化
600968.SH,SW1石油石化
601233.SH,SW1石油石化
601808.SH,SW1石油石化
601857.SH,SW1石油石化
603223.SH,SW1石油石化
603353.SH,SW1石油石化
603619.SH,SW1石油石化
603727.SH,SW1石油石化
603798.SH,SW1石油石化
000059.SZ,SW1石油石化
000096.SZ,SW1石油石化
000301.SZ,SW1石油石化
000554.SZ,SW1石油石化
000637.SZ,SW1石油石化
000698.SZ,SW1石油石化
000703.SZ,SW1石油石化
000819.SZ,SW1石油石化
000968.SZ,SW1石油石化
000985.SZ,SW1石油石化
001316.SZ,SW1石油石化
002207.SZ,SW1石油石化
002221.SZ,SW1石油石化
002377.SZ,SW1石油石化
002408.SZ,SW1石油石化
002476.SZ,SW1石油石化
002493.SZ,SW1石油石化
002554.SZ,SW1石油石化
002629.SZ,SW1石油石化
002828.SZ,SW1石油石化
002986.SZ,SW1石油石化
300055.SZ,SW1石油石化
300135.SZ,SW1石油石化
300164.SZ,SW1石油石化
300191.SZ,SW1石油石化
300839.SZ,SW1石油石化
831039.BJ,SW1社会服务
871753.BJ,SW1社会服务
873122.BJ,SW1社会服务
600054.SH,SW1社会服务
600136.SH,SW1社会服务
600138.SH,SW1社会服务
600158.SH,SW1社会服务
600258.SH,SW1社会服务
600576.SH,SW1社会服务
600593.SH,SW1社会服务
600636.SH,SW1社会服务
600661.SH,SW1社会服务
600662.SH,SW1社会服务
600706.SH,SW1社会服务
600730.SH,SW1社会服务
600749.SH,SW1社会服务
600754.SH,SW1社会服务
600826.SH,SW1社会服务
600861.SH,SW1社会服务
600880.SH,SW1社会服务
601007.SH,SW1社会服务
603060.SH,SW1社会服务
603099.SH,SW1社会服务
603136.SH,SW1社会服务
603183.SH,SW1社会服务
603199.SH,SW1社会服务
603373.SH,SW1社会服务
603377.SH,SW1社会服务
605098.SH,SW1社会服务
605108.SH,SW1社会服务
688334.SH,SW1社会服务
688757.SH,SW1社会服务
000428.SZ,SW1社会服务
000430.SZ,SW1社会服务
000524.SZ,SW1社会服务
000526.SZ,SW1社会服务
000558.SZ,SW1社会服务
000610.SZ,SW1社会服务
000721.SZ,SW1社会服务
000796.SZ,SW1社会服务
000888.SZ,SW1社会服务
000978.SZ,SW1社会服务
002033.SZ,SW1社会服务
002057.SZ,SW1社会服务
002059.SZ,SW1社会服务
002093.SZ,SW1社会服务
002159.SZ,SW1社会服务
002186.SZ,SW1社会服务
002306.SZ,SW1社会服务
002607.SZ,SW1社会服务
002659.SZ,SW1社会服务
002707.SZ,SW1社会服务
002858.SZ,SW1社会服务
002967.SZ,SW1社会服务
003008.SZ,SW1社会服务
003032.SZ,SW1社会服务
300010.SZ,SW1社会服务
300012.SZ,SW1社会服务
300144.SZ,SW1社会服务
300192.SZ,SW1社会服务
300215.SZ,SW1社会服务
300338.SZ,SW1社会服务
300359.SZ,SW1社会服务
300416.SZ,SW1社会服务
300572.SZ,SW1社会服务
300662.SZ,SW1社会服务
300688.SZ,SW1社会服务
300795.SZ,SW1社会服务
300797.SZ,SW1社会服务
300859.SZ,SW1社会服务
300860.SZ,SW1社会服务
300887.SZ,SW1社会服务
300938.SZ,SW1社会服务
300962.SZ,SW1社会服务
301073.SZ,SW1社会服务
301115.SZ,SW1社会服务
301169.SZ,SW1社会服务
301228.SZ,SW1社会服务
301289.SZ,SW1社会服务
301508.SZ,SW1社会服务
838262.BJ,SW1纺织服饰
873527.BJ,SW1纺织服饰
600107.SH,SW1纺织服饰
600137.SH,SW1纺织服饰
600156.SH,SW1纺织服饰
600177.SH,SW1纺织服饰
600398.SH,SW1纺织服饰
600400.SH,SW1纺织服饰
600439.SH,SW1纺织服饰
600448.SH,SW1纺织服饰
600493.SH,SW1纺织服饰
600527.SH,SW1纺织服饰
600612.SH,SW1纺织服饰
600630.SH,SW1纺织服饰
600735.SH,SW1纺织服饰
600916.SH,SW1纺织服饰
600987.SH,SW1纺织服饰
601339.SH,SW1纺织服饰
601566.SH,SW1纺织服饰
601599.SH,SW1纺织服饰
601718.SH,SW1纺织服饰
603001.SH,SW1纺织服饰
603055.SH,SW1纺织服饰
603116.SH,SW1纺织服饰
603130.SH,SW1纺织服饰
603196.SH,SW1纺织服饰
603307.SH,SW1纺织服饰
603365.SH,SW1纺织服饰
603511.SH,SW1纺织服饰
603518.SH,SW1纺织服饰
603557.SH,SW1纺织服饰
603558.SH,SW1纺织服饰
603587.SH,SW1纺织服饰
603608.SH,SW1纺织服饰
603665.SH,SW1纺织服饰
603808.SH,SW1纺织服饰
603839.SH,SW1纺织服饰
603877.SH,SW1纺织服饰
603889.SH,SW1纺织服饰
603900.SH,SW1纺织服饰
603908.SH,SW1纺织服饰
603958.SH,SW1纺织服饰
605003.SH,SW1纺织服饰
605055.SH,SW1纺织服饰
605138.SH,SW1纺织服饰
605180.SH,SW1纺织服饰
605189.SH,SW1纺织服饰
605599.SH,SW1纺织服饰
000017.SZ,SW1纺织服饰
000026.SZ,SW1纺织服饰
000726.SZ,SW1纺织服饰
000850.SZ,SW1纺织服饰
000955.SZ,SW1纺织服饰
001209.SZ,SW1纺织服饰
001234.SZ,SW1纺织服饰
001390.SZ,SW1纺织服饰
002003.SZ,SW1纺织服饰
002029.SZ,SW1纺织服饰
002042.SZ,SW1纺织服饰
002083.SZ,SW1纺织服饰
002098.SZ,SW1纺织服饰
002144.SZ,SW1纺织服饰
002154.SZ,SW1纺织服饰
002193.SZ,SW1纺织服饰
002269.SZ,SW1纺织服饰
002293.SZ,SW1纺织服饰
002327.SZ,SW1纺织服饰
002345.SZ,SW1纺织服饰
002394.SZ,SW1纺织服饰
002397.SZ,SW1纺织服饰
002404.SZ,SW1纺织服饰
002485.SZ,SW1纺织服饰
002486.SZ,SW1纺织服饰
002494.SZ,SW1纺织服饰
002563.SZ,SW1纺织服饰
002569.SZ,SW1纺织服饰
002574.SZ,SW1纺织服饰
002612.SZ,SW1纺织服饰
002634.SZ,SW1纺织服饰
002656.SZ,SW1纺织服饰
002674.SZ,SW1纺织服饰
002687.SZ,SW1纺织服饰
002721.SZ,SW1纺织服饰
002731.SZ,SW1纺织服饰
002762.SZ,SW1纺织服饰
002763.SZ,SW1纺织服饰
002780.SZ,SW1纺织服饰
002832.SZ,SW1纺织服饰
002867.SZ,SW1纺织服饰
002875.SZ,SW1纺织服饰
003016.SZ,SW1纺织服饰
003041.SZ,SW1纺织服饰
300005.SZ,SW1纺织服饰
300577.SZ,SW1纺织服饰
300591.SZ,SW1纺织服饰
300819.SZ,SW1纺织服饰
300840.SZ,SW1纺织服饰
300877.SZ,SW1纺织服饰
300901.SZ,SW1纺织服饰
300918.SZ,SW1纺织服饰
300945.SZ,SW1纺织服饰
300952.SZ,SW1纺织服饰
300979.SZ,SW1纺织服饰
301066.SZ,SW1纺织服饰
301088.SZ,SW1纺织服饰
301177.SZ,SW1纺织服饰
301276.SZ,SW1纺织服饰
600051.SH,SW1综合
600620.SH,SW1综合
600673.SH,SW1综合
600682.SH,SW1综合
600689.SH,SW1综合
600770.SH,SW1综合
600784.SH,SW1综合
600805.SH,SW1综合
600881.SH,SW1综合
000025.SZ,SW1综合
000421.SZ,SW1综合
000523.SZ,SW1综合
000622.SZ,SW1综合
000632.SZ,SW1综合
000652.SZ,SW1综合
000753.SZ,SW1综合
000833.SZ,SW1综合
002758.SZ,SW1综合
300208.SZ,SW1综合
832982.BJ,SW1美容护理
837023.BJ,SW1美容护理
600223.SH,SW1美容护理
600249.SH,SW1美容护理
600315.SH,SW1美容护理
603059.SH,SW1美容护理
603193.SH,SW1美容护理
603238.SH,SW1美容护理
603605.SH,SW1美容护理
603630.SH,SW1美容护理
603983.SH,SW1美容护理
605009.SH,SW1美容护理
688363.SH,SW1美容护理
000615.SZ,SW1美容护理
001206.SZ,SW1美容护理
001328.SZ,SW1美容护理
002094.SZ,SW1美容护理
002243.SZ,SW1美容护理
002511.SZ,SW1美容护理
003006.SZ,SW1美容护理
300132.SZ,SW1美容护理
300658.SZ,SW1美容护理
300740.SZ,SW1美容护理
300849.SZ,SW1美容护理
300856.SZ,SW1美容护理
300886.SZ,SW1美容护理
300888.SZ,SW1美容护理
300896.SZ,SW1美容护理
300955.SZ,SW1美容护理
300957.SZ,SW1美容护理
301009.SZ,SW1美容护理
301108.SZ,SW1美容护理
301371.SZ,SW1美容护理
430090.BJ,SW1计算机
430198.BJ,SW1计算机
430564.BJ,SW1计算机
831832.BJ,SW1计算机
832171.BJ,SW1计算机
833030.BJ,SW1计算机
834415.BJ,SW1计算机
835184.BJ,SW1计算机
835207.BJ,SW1计算机
835305.BJ,SW1计算机
837092.BJ,SW1计算机
837592.BJ,SW1计算机
837748.BJ,SW1计算机
838227.BJ,SW1计算机
839493.BJ,SW1计算机
839680.BJ,SW1计算机
839790.BJ,SW1计算机
870976.BJ,SW1计算机
872190.BJ,SW1计算机
872808.BJ,SW1计算机
872953.BJ,SW1计算机
873806.BJ,SW1计算机
920116.BJ,SW1计算机
920799.BJ,SW1计算机
600100.SH,SW1计算机
600131.SH,SW1计算机
600271.SH,SW1计算机
600288.SH,SW1计算机
600410.SH,SW1计算机
600446.SH,SW1计算机
600455.SH,SW1计算机
600476.SH,SW1计算机
600536.SH,SW1计算机
600570.SH,SW1计算机
600571.SH,SW1计算机
600588.SH,SW1计算机
600589.SH,SW1计算机
600602.SH,SW1计算机
600654.SH,SW1计算机
600718.SH,SW1计算机
600728.SH,SW1计算机
600756.SH,SW1计算机
600797.SH,SW1计算机
600845.SH,SW1计算机
600850.SH,SW1计算机
601360.SH,SW1计算机
601519.SH,SW1计算机
603003.SH,SW1计算机
603019.SH,SW1计算机
603039.SH,SW1计算机
603106.SH,SW1计算机
603138.SH,SW1计算机
603171.SH,SW1计算机
603189.SH,SW1计算机
603232.SH,SW1计算机
603383.SH,SW1计算机
603496.SH,SW1计算机
603508.SH,SW1计算机
603516.SH,SW1计算机
603528.SH,SW1计算机
603636.SH,SW1计算机
603660.SH,SW1计算机
603859.SH,SW1计算机
603869.SH,SW1计算机
603887.SH,SW1计算机
603918.SH,SW1计算机
603927.SH,SW1计算机
603990.SH,SW1计算机
605118.SH,SW1计算机
605398.SH,SW1计算机
688004.SH,SW1计算机
688023.SH,SW1计算机
688030.SH,SW1计算机
688031.SH,SW1计算机
688038.SH,SW1计算机
688039.SH,SW1计算机
688051.SH,SW1计算机
688058.SH,SW1计算机
688060.SH,SW1计算机
688066.SH,SW1计算机
688078.SH,SW1计算机
688083.SH,SW1计算机
688088.SH,SW1计算机
688095.SH,SW1计算机
688109.SH,SW1计算机
688111.SH,SW1计算机
688118.SH,SW1计算机
688152.SH,SW1计算机
688158.SH,SW1计算机
688168.SH,SW1计算机
688171.SH,SW1计算机
688188.SH,SW1计算机
688201.SH,SW1计算机
688206.SH,SW1计算机
688207.SH,SW1计算机
688208.SH,SW1计算机
688225.SH,SW1计算机
688227.SH,SW1计算机
688228.SH,SW1计算机
688229.SH,SW1计算机
688232.SH,SW1计算机
688244.SH,SW1计算机
688246.SH,SW1计算机
688251.SH,SW1计算机
688258.SH,SW1计算机
688288.SH,SW1计算机
688291.SH,SW1计算机
688292.SH,SW1计算机
688296.SH,SW1计算机
688307.SH,SW1计算机
688316.SH,SW1计算机
688318.SH,SW1计算机
688326.SH,SW1计算机
688327.SH,SW1计算机
688343.SH,SW1计算机
688365.SH,SW1计算机
688369.SH,SW1计算机
688435.SH,SW1计算机
688475.SH,SW1计算机
688479.SH,SW1计算机
688489.SH,SW1计算机
688500.SH,SW1计算机
688507.SH,SW1计算机
688509.SH,SW1计算机
688561.SH,SW1计算机
688562.SH,SW1计算机
688568.SH,SW1计算机
688579.SH,SW1计算机
688588.SH,SW1计算机
688590.SH,SW1计算机
688615.SH,SW1计算机
688619.SH,SW1计算机
688631.SH,SW1计算机
688651.SH,SW1计算机
688657.SH,SW1计算机
688692.SH,SW1计算机
688695.SH,SW1计算机
688787.SH,SW1计算机
000004.SZ,SW1计算机
000034.SZ,SW1计算机
000066.SZ,SW1计算机
000158.SZ,SW1计算机
000409.SZ,SW1计算机
000503.SZ,SW1计算机
000555.SZ,SW1计算机
000815.SZ,SW1计算机
000938.SZ,SW1计算机
000948.SZ,SW1计算机
000977.SZ,SW1计算机
000997.SZ,SW1计算机
001229.SZ,SW1计算机
001339.SZ,SW1计算机
002063.SZ,SW1计算机
002065.SZ,SW1计算机
002152.SZ,SW1计算机
002153.SZ,SW1计算机
002177.SZ,SW1计算机
002178.SZ,SW1计算机
002180.SZ,SW1计算机
002195.SZ,SW1计算机
002197.SZ,SW1计算机
002212.SZ,SW1计算机
002230.SZ,SW1计算机
002232.SZ,SW1计算机
002236.SZ,SW1计算机
002253.SZ,SW1计算机
002261.SZ,SW1计算机
002268.SZ,SW1计算机
002279.SZ,SW1计算机
002298.SZ,SW1计算机
002322.SZ,SW1计算机
002331.SZ,SW1计算机
002362.SZ,SW1计算机
002368.SZ,SW1计算机
002373.SZ,SW1计算机
002376.SZ,SW1计算机
002380.SZ,SW1计算机
002401.SZ,SW1计算机
002405.SZ,SW1计算机
002410.SZ,SW1计算机
002415.SZ,SW1计算机
002421.SZ,SW1计算机
002439.SZ,SW1计算机
002474.SZ,SW1计算机
002512.SZ,SW1计算机
002528.SZ,SW1计算机
002577.SZ,SW1计算机
002609.SZ,SW1计算机
002642.SZ,SW1计算机
002649.SZ,SW1计算机
002657.SZ,SW1计算机
002771.SZ,SW1计算机
002777.SZ,SW1计算机
002835.SZ,SW1计算机
002869.SZ,SW1计算机
002908.SZ,SW1计算机
002912.SZ,SW1计算机
002920.SZ,SW1计算机
002970.SZ,SW1计算机
002987.SZ,SW1计算机
002990.SZ,SW1计算机
003004.SZ,SW1计算机
003005.SZ,SW1计算机
003007.SZ,SW1计算机
003029.SZ,SW1计算机
300017.SZ,SW1计算机
300020.SZ,SW1计算机
300033.SZ,SW1计算机
300036.SZ,SW1计算机
300042.SZ,SW1计算机
300044.SZ,SW1计算机
300047.SZ,SW1计算机
300074.SZ,SW1计算机
300075.SZ,SW1计算机
300078.SZ,SW1计算机
300079.SZ,SW1计算机
300085.SZ,SW1计算机
300096.SZ,SW1计算机
300130.SZ,SW1计算机
300150.SZ,SW1计算机
300155.SZ,SW1计算机
300166.SZ,SW1计算机
300167.SZ,SW1计算机
300168.SZ,SW1计算机
300170.SZ,SW1计算机
300188.SZ,SW1计算机
300209.SZ,SW1计算机
300212.SZ,SW1计算机
300226.SZ,SW1计算机
300229.SZ,SW1计算机
300231.SZ,SW1计算机
300235.SZ,SW1计算机
300245.SZ,SW1计算机
300248.SZ,SW1计算机
300249.SZ,SW1计算机
300250.SZ,SW1计算机
300253.SZ,SW1计算机
300264.SZ,SW1计算机
300270.SZ,SW1计算机
300271.SZ,SW1计算机
300275.SZ,SW1计算机
300277.SZ,SW1计算机
300287.SZ,SW1计算机
300288.SZ,SW1计算机
300290.SZ,SW1计算机
300300.SZ,SW1计算机
300302.SZ,SW1计算机
300311.SZ,SW1计算机
300324.SZ,SW1计算机
300333.SZ,SW1计算机
300339.SZ,SW1计算机
300344.SZ,SW1计算机
300348.SZ,SW1计算机
300352.SZ,SW1计算机
300365.SZ,SW1计算机
300366.SZ,SW1计算机
300368.SZ,SW1计算机
300369.SZ,SW1计算机
300377.SZ,SW1计算机
300378.SZ,SW1计算机
300379.SZ,SW1计算机
300380.SZ,SW1计算机
300386.SZ,SW1计算机
300399.SZ,SW1计算机
300419.SZ,SW1计算机
300440.SZ,SW1计算机
300448.SZ,SW1计算机
300449.SZ,SW1计算机
300451.SZ,SW1计算机
300454.SZ,SW1计算机
300455.SZ,SW1计算机
300462.SZ,SW1计算机
300465.SZ,SW1计算机
300468.SZ,SW1计算机
300469.SZ,SW1计算机
300479.SZ,SW1计算机
300496.SZ,SW1计算机
300508.SZ,SW1计算机
300520.SZ,SW1计算机
300523.SZ,SW1计算机
300525.SZ,SW1计算机
300531.SZ,SW1计算机
300532.SZ,SW1计算机
300541.SZ,SW1计算机
300542.SZ,SW1计算机
300546.SZ,SW1计算机
300550.SZ,SW1计算机
300551.SZ,SW1计算机
300552.SZ,SW1计算机
300556.SZ,SW1计算机
300559.SZ,SW1计算机
300561.SZ,SW1计算机
300579.SZ,SW1计算机
300588.SZ,SW1计算机
300598.SZ,SW1计算机
300605.SZ,SW1计算机
300608.SZ,SW1计算机
300609.SZ,SW1计算机
300624.SZ,SW1计算机
300634.SZ,SW1计算机
300645.SZ,SW1计算机
300659.SZ,SW1计算机
300663.SZ,SW1计算机
300674.SZ,SW1计算机
300678.SZ,SW1计算机
300682.SZ,SW1计算机
300687.SZ,SW1计算机
300691.SZ,SW1计算机
300730.SZ,SW1计算机
300743.SZ,SW1计算机
300766.SZ,SW1计算机
300768.SZ,SW1计算机
300771.SZ,SW1计算机
300789.SZ,SW1计算机
300790.SZ,SW1计算机
300803.SZ,SW1计算机
300807.SZ,SW1计算机
300830.SZ,SW1计算机
300845.SZ,SW1计算机
300846.SZ,SW1计算机
300847.SZ,SW1计算机
300872.SZ,SW1计算机
300884.SZ,SW1计算机
300895.SZ,SW1计算机
300925.SZ,SW1计算机
300935.SZ,SW1计算机
300941.SZ,SW1计算机
300996.SZ,SW1计算机
301042.SZ,SW1计算机
301085.SZ,SW1计算机
301095.SZ,SW1计算机
301117.SZ,SW1计算机
301153.SZ,SW1计算机
301159.SZ,SW1计算机
301162.SZ,SW1计算机
301172.SZ,SW1计算机
301178.SZ,SW1计算机
301182.SZ,SW1计算机
301185.SZ,SW1计算机
301195.SZ,SW1计算机
301208.SZ,SW1计算机
301218.SZ,SW1计算机
301236.SZ,SW1计算机
301248.SZ,SW1计算机
301269.SZ,SW1计算机
301270.SZ,SW1计算机
301315.SZ,SW1计算机
301316.SZ,SW1计算机
301318.SZ,SW1计算机
301330.SZ,SW1计算机
301337.SZ,SW1计算机
301339.SZ,SW1计算机
301378.SZ,SW1计算机
301391.SZ,SW1计算机
301396.SZ,SW1计算机
301503.SZ,SW1计算机
301556.SZ,SW1计算机
301589.SZ,SW1计算机
301600.SZ,SW1计算机
301608.SZ,SW1计算机
833075.BJ,SW1轻工制造
833394.BJ,SW1轻工制造
834765.BJ,SW1轻工制造
837174.BJ,SW1轻工制造
838163.BJ,SW1轻工制造
870204.BJ,SW1轻工制造
872392.BJ,SW1轻工制造
873132.BJ,SW1轻工制造
920445.BJ,SW1轻工制造
600076.SH,SW1轻工制造
600103.SH,SW1轻工制造
600210.SH,SW1轻工制造
600235.SH,SW1轻工制造
600308.SH,SW1轻工制造
600337.SH,SW1轻工制造
600356.SH,SW1轻工制造
600433.SH,SW1轻工制造
600567.SH,SW1轻工制造
600793.SH,SW1轻工制造
600963.SH,SW1轻工制造
600966.SH,SW1轻工制造
601515.SH,SW1轻工制造
601968.SH,SW1轻工制造
601996.SH,SW1轻工制造
603008.SH,SW1轻工制造
603021.SH,SW1轻工制造
603022.SH,SW1轻工制造
603058.SH,SW1轻工制造
603091.SH,SW1轻工制造
603165.SH,SW1轻工制造
603180.SH,SW1轻工制造
603195.SH,SW1轻工制造
603208.SH,SW1轻工制造
603216.SH,SW1轻工制造
603221.SH,SW1轻工制造
603226.SH,SW1轻工制造
603268.SH,SW1轻工制造
603272.SH,SW1轻工制造
603313.SH,SW1轻工制造
603326.SH,SW1轻工制造
603385.SH,SW1轻工制造
603389.SH,SW1轻工制造
603408.SH,SW1轻工制造
603429.SH,SW1轻工制造
603499.SH,SW1轻工制造
603600.SH,SW1轻工制造
603607.SH,SW1轻工制造
603610.SH,SW1轻工制造
603615.SH,SW1轻工制造
603661.SH,SW1轻工制造
603687.SH,SW1轻工制造
603709.SH,SW1轻工制造
603725.SH,SW1轻工制造
603733.SH,SW1轻工制造
603801.SH,SW1轻工制造
603816.SH,SW1轻工制造
603818.SH,SW1轻工制造
603833.SH,SW1轻工制造
603838.SH,SW1轻工制造
603848.SH,SW1轻工制造
603863.SH,SW1轻工制造
603898.SH,SW1轻工制造
603899.SH,SW1轻工制造
603992.SH,SW1轻工制造
605007.SH,SW1轻工制造
605080.SH,SW1轻工制造
605099.SH,SW1轻工制造
605155.SH,SW1轻工制造
605268.SH,SW1轻工制造
605299.SH,SW1轻工制造
605377.SH,SW1轻工制造
605500.SH,SW1轻工制造
000488.SZ,SW1轻工制造
000659.SZ,SW1轻工制造
000812.SZ,SW1轻工制造
000910.SZ,SW1轻工制造
001211.SZ,SW1轻工制造
001216.SZ,SW1轻工制造
001222.SZ,SW1轻工制造
001238.SZ,SW1轻工制造
001279.SZ,SW1轻工制造
001300.SZ,SW1轻工制造
001322.SZ,SW1轻工制造
001323.SZ,SW1轻工制造
001356.SZ,SW1轻工制造
001368.SZ,SW1轻工制造
002012.SZ,SW1轻工制造
002014.SZ,SW1轻工制造
002067.SZ,SW1轻工制造
002078.SZ,SW1轻工制造
002084.SZ,SW1轻工制造
002103.SZ,SW1轻工制造
002117.SZ,SW1轻工制造
002162.SZ,SW1轻工制造
002191.SZ,SW1轻工制造
002228.SZ,SW1轻工制造
002229.SZ,SW1轻工制造
002235.SZ,SW1轻工制造
002301.SZ,SW1轻工制造
002303.SZ,SW1轻工制造
002348.SZ,SW1轻工制造
002374.SZ,SW1轻工制造
002489.SZ,SW1轻工制造
002521.SZ,SW1轻工制造
002565.SZ,SW1轻工制造
002571.SZ,SW1轻工制造
002572.SZ,SW1轻工制造
002575.SZ,SW1轻工制造
002599.SZ,SW1轻工制造
002615.SZ,SW1轻工制造
002631.SZ,SW1轻工制造
002678.SZ,SW1轻工制造
002701.SZ,SW1轻工制造
002735.SZ,SW1轻工制造
002752.SZ,SW1轻工制造
002787.SZ,SW1轻工制造
002790.SZ,SW1轻工制造
002798.SZ,SW1轻工制造
002799.SZ,SW1轻工制造
002831.SZ,SW1轻工制造
002836.SZ,SW1轻工制造
002846.SZ,SW1轻工制造
002853.SZ,SW1轻工制造
002862.SZ,SW1轻工制造
002899.SZ,SW1轻工制造
002918.SZ,SW1轻工制造
002951.SZ,SW1轻工制造
002969.SZ,SW1轻工制造
003003.SZ,SW1轻工制造
003011.SZ,SW1轻工制造
003012.SZ,SW1轻工制造
003018.SZ,SW1轻工制造
300220.SZ,SW1轻工制造
300329.SZ,SW1轻工制造
300501.SZ,SW1轻工制造
300616.SZ,SW1轻工制造
300640.SZ,SW1轻工制造
300651.SZ,SW1轻工制造
300703.SZ,SW1轻工制造
300729.SZ,SW1轻工制造
300749.SZ,SW1轻工制造
300883.SZ,SW1轻工制造
300993.SZ,SW1轻工制造
301004.SZ,SW1轻工制造
301011.SZ,SW1轻工制造
301055.SZ,SW1轻工制造
301061.SZ,SW1轻工制造
301062.SZ,SW1轻工制造
301101.SZ,SW1轻工制造
301113.SZ,SW1轻工制造
301193.SZ,SW1轻工制造
301198.SZ,SW1轻工制造
301223.SZ,SW1轻工制造
301227.SZ,SW1轻工制造
301287.SZ,SW1轻工制造
301296.SZ,SW1轻工制造
301335.SZ,SW1轻工制造
301336.SZ,SW1轻工制造
301355.SZ,SW1轻工制造
301356.SZ,SW1轻工制造
301376.SZ,SW1轻工制造
301469.SZ,SW1轻工制造
301501.SZ,SW1轻工制造
301588.SZ,SW1轻工制造
301595.SZ,SW1轻工制造
832149.BJ,SW1通信
835640.BJ,SW1通信
838924.BJ,SW1通信
872374.BJ,SW1通信
600050.SH,SW1通信
600105.SH,SW1通信
600198.SH,SW1通信
600289.SH,SW1通信
600345.SH,SW1通信
600355.SH,SW1通信
600462.SH,SW1通信
600487.SH,SW1通信
600498.SH,SW1通信
600522.SH,SW1通信
600734.SH,SW1通信
600775.SH,SW1通信
600776.SH,SW1通信
600804.SH,SW1通信
600941.SH,SW1通信
601728.SH,SW1通信
601869.SH,SW1通信
603042.SH,SW1通信
603083.SH,SW1通信
603118.SH,SW1通信
603206.SH,SW1通信
603220.SH,SW1通信
603236.SH,SW1通信
603322.SH,SW1通信
603421.SH,SW1通信
603559.SH,SW1通信
603602.SH,SW1通信
603803.SH,SW1通信
603881.SH,SW1通信
688027.SH,SW1通信
688080.SH,SW1通信
688100.SH,SW1通信
688143.SH,SW1通信
688159.SH,SW1通信
688182.SH,SW1通信
688205.SH,SW1通信
688283.SH,SW1通信
688313.SH,SW1通信
688387.SH,SW1通信
688418.SH,SW1通信
688592.SH,SW1通信
688618.SH,SW1通信
688668.SH,SW1通信
000063.SZ,SW1通信
000070.SZ,SW1通信
000586.SZ,SW1通信
000839.SZ,SW1通信
000851.SZ,SW1通信
000889.SZ,SW1通信
002017.SZ,SW1通信
002104.SZ,SW1通信
002115.SZ,SW1通信
002123.SZ,SW1通信
002148.SZ,SW1通信
002194.SZ,SW1通信
002281.SZ,SW1通信
002296.SZ,SW1通信
002313.SZ,SW1通信
002396.SZ,SW1通信
002467.SZ,SW1通信
002491.SZ,SW1通信
002544.SZ,SW1通信
002583.SZ,SW1通信
002792.SZ,SW1通信
002796.SZ,SW1通信
002881.SZ,SW1通信
002897.SZ,SW1通信
002902.SZ,SW1通信
002929.SZ,SW1通信
003031.SZ,SW1通信
003040.SZ,SW1通信
300025.SZ,SW1通信
300050.SZ,SW1通信
300081.SZ,SW1通信
300098.SZ,SW1通信
300134.SZ,SW1通信
300183.SZ,SW1通信
300205.SZ,SW1通信
300211.SZ,SW1通信
300213.SZ,SW1通信
300292.SZ,SW1通信
300308.SZ,SW1通信
300310.SZ,SW1通信
300353.SZ,SW1通信
300383.SZ,SW1通信
300394.SZ,SW1通信
300414.SZ,SW1通信
300442.SZ,SW1通信
300502.SZ,SW1通信
300504.SZ,SW1通信
300513.SZ,SW1通信
300548.SZ,SW1通信
300555.SZ,SW1通信
300560.SZ,SW1通信
300563.SZ,SW1通信
300565.SZ,SW1通信
300570.SZ,SW1通信
300571.SZ,SW1通信
300578.SZ,SW1通信
300590.SZ,SW1通信
300597.SZ,SW1通信
300603.SZ,SW1通信
300615.SZ,SW1通信
300620.SZ,SW1通信
300627.SZ,SW1通信
300628.SZ,SW1通信
300638.SZ,SW1通信
300689.SZ,SW1通信
300698.SZ,SW1通信
300710.SZ,SW1通信
300711.SZ,SW1通信
300738.SZ,SW1通信
300913.SZ,SW1通信
300921.SZ,SW1通信
300959.SZ,SW1通信
301139.SZ,SW1通信
301165.SZ,SW1通信
301191.SZ,SW1通信
301202.SZ,SW1通信
301205.SZ,SW1通信
301307.SZ,SW1通信
301314.SZ,SW1通信
301380.SZ,SW1通信
301382.SZ,SW1通信
301419.SZ,SW1通信
301428.SZ,SW1通信
301577.SZ,SW1通信
600010.SH,SW1钢铁
600019.SH,SW1钢铁
600022.SH,SW1钢铁
600117.SH,SW1钢铁
600126.SH,SW1钢铁
600231.SH,SW1钢铁
600282.SH,SW1钢铁
600295.SH,SW1钢铁
600307.SH,SW1钢铁
600382.SH,SW1钢铁
600399.SH,SW1钢铁
600507.SH,SW1钢铁
600516.SH,SW1钢铁
600569.SH,SW1钢铁
600581.SH,SW1钢铁
600782.SH,SW1钢铁
600808.SH,SW1钢铁
601003.SH,SW1钢铁
601005.SH,SW1钢铁
601121.SH,SW1钢铁
601686.SH,SW1钢铁
601969.SH,SW1钢铁
603878.SH,SW1钢铁
603995.SH,SW1钢铁
000629.SZ,SW1钢铁
000655.SZ,SW1钢铁
000708.SZ,SW1钢铁
000709.SZ,SW1钢铁
000717.SZ,SW1钢铁
000761.SZ,SW1钢铁
000778.SZ,SW1钢铁
000825.SZ,SW1钢铁
000898.SZ,SW1钢铁
000923.SZ,SW1钢铁
000932.SZ,SW1钢铁
000959.SZ,SW1钢铁
001203.SZ,SW1钢铁
002075.SZ,SW1钢铁
002110.SZ,SW1钢铁
002318.SZ,SW1钢铁
002443.SZ,SW1钢铁
002478.SZ,SW1钢铁
300881.SZ,SW1钢铁
301160.SZ,SW1钢铁
600000.SH,SW1银行
600015.SH,SW1银行
600016.SH,SW1银行
600036.SH,SW1银行
600908.SH,SW1银行
600919.SH,SW1银行
600926.SH,SW1银行
600928.SH,SW1银行
601009.SH,SW1银行
601077.SH,SW1银行
601128.SH,SW1银行
601166.SH,SW1银行
601169.SH,SW1银行
601187.SH,SW1银行
601229.SH,SW1银行
601288.SH,SW1银行
601328.SH,SW1银行
601398.SH,SW1银行
601528.SH,SW1银行
601577.SH,SW1银行
601658.SH,SW1银行
601665.SH,SW1银行
601818.SH,SW1银行
601825.SH,SW1银行
601838.SH,SW1银行
601860.SH,SW1银行
601916.SH,SW1银行
601939.SH,SW1银行
601963.SH,SW1银行
601988.SH,SW1银行
601997.SH,SW1银行
601998.SH,SW1银行
603323.SH,SW1银行
000001.SZ,SW1银行
001227.SZ,SW1银行
002142.SZ,SW1银行
002807.SZ,SW1银行
002839.SZ,SW1银行
002936.SZ,SW1银行
002948.SZ,SW1银行
002958.SZ,SW1银行
002966.SZ,SW1银行
600030.SH,SW1非银金融
600053.SH,SW1非银金融
600061.SH,SW1非银金融
600095.SH,SW1非银金融
600109.SH,SW1非银金融
600120.SH,SW1非银金融
600155.SH,SW1非银金融
600318.SH,SW1非银金融
600369.SH,SW1非银金融
600390.SH,SW1非银金融
600517.SH,SW1非银金融
600599.SH,SW1非银金融
600621.SH,SW1非银金融
600643.SH,SW1非银金融
600816.SH,SW1非银金融
600830.SH,SW1非银金融
600864.SH,SW1非银金融
600901.SH,SW1非银金融
600906.SH,SW1非银金融
600909.SH,SW1非银金融
600918.SH,SW1非银金融
600927.SH,SW1非银金融
600958.SH,SW1非银金融
600999.SH,SW1非银金融
601059.SH,SW1非银金融
601066.SH,SW1非银金融
601099.SH,SW1非银金融
601108.SH,SW1非银金融
601136.SH,SW1非银金融
601162.SH,SW1非银金融
601198.SH,SW1非银金融
601211.SH,SW1非银金融
601236.SH,SW1非银金融
601318.SH,SW1非银金融
601319.SH,SW1非银金融
601336.SH,SW1非银金融
601375.SH,SW1非银金融
601377.SH,SW1非银金融
601456.SH,SW1非银金融
601555.SH,SW1非银金融
601601.SH,SW1非银金融
601628.SH,SW1非银金融
601688.SH,SW1非银金融
601696.SH,SW1非银金融
601788.SH,SW1非银金融
601878.SH,SW1非银金融
601881.SH,SW1非银金融
601901.SH,SW1非银金融
601990.SH,SW1非银金融
601995.SH,SW1非银金融
603093.SH,SW1非银金融
603300.SH,SW1非银金融
000166.SZ,SW1非银金融
000415.SZ,SW1非银金融
000532.SZ,SW1非银金融
000563.SZ,SW1非银金融
000567.SZ,SW1非银金融
000617.SZ,SW1非银金融
000627.SZ,SW1非银金融
000686.SZ,SW1非银金融
000712.SZ,SW1非银金融
000728.SZ,SW1非银金融
000750.SZ,SW1非银金融
000776.SZ,SW1非银金融
000783.SZ,SW1非银金融
000935.SZ,SW1非银金融
000958.SZ,SW1非银金融
000987.SZ,SW1非银金融
001236.SZ,SW1非银金融
002316.SZ,SW1非银金融
002423.SZ,SW1非银金融
002500.SZ,SW1非银金融
002647.SZ,SW1非银金融
002670.SZ,SW1非银金融
002673.SZ,SW1非银金融
002736.SZ,SW1非银金融
002797.SZ,SW1非银金融
002926.SZ,SW1非银金融
002939.SZ,SW1非银金融
002945.SZ,SW1非银金融
002961.SZ,SW1非银金融
300059.SZ,SW1非银金融
300773.SZ,SW1非银金融
831726.BJ,SW1食品饮料
832786.BJ,SW1食品饮料
833429.BJ,SW1食品饮料
836826.BJ,SW1食品饮料
600059.SH,SW1食品饮料
600073.SH,SW1食品饮料
600084.SH,SW1食品饮料
600132.SH,SW1食品饮料
600186.SH,SW1食品饮料
600189.SH,SW1食品饮料
600197.SH,SW1食品饮料
600199.SH,SW1食品饮料
600238.SH,SW1食品饮料
600298.SH,SW1食品饮料
600300.SH,SW1食品饮料
600305.SH,SW1食品饮料
600381.SH,SW1食品饮料
600419.SH,SW1食品饮料
600429.SH,SW1食品饮料
600519.SH,SW1食品饮料
600530.SH,SW1食品饮料
600543.SH,SW1食品饮料
600559.SH,SW1食品饮料
600573.SH,SW1食品饮料
600597.SH,SW1食品饮料
600600.SH,SW1食品饮料
600616.SH,SW1食品饮料
600696.SH,SW1食品饮料
600702.SH,SW1食品饮料
600779.SH,SW1食品饮料
600809.SH,SW1食品饮料
600872.SH,SW1食品饮料
600882.SH,SW1食品饮料
600887.SH,SW1食品饮料
601579.SH,SW1食品饮料
603027.SH,SW1食品饮料
603043.SH,SW1食品饮料
603057.SH,SW1食品饮料
603102.SH,SW1食品饮料
603156.SH,SW1食品饮料
603170.SH,SW1食品饮料
603198.SH,SW1食品饮料
603237.SH,SW1食品饮料
603288.SH,SW1食品饮料
603317.SH,SW1食品饮料
603345.SH,SW1食品饮料
603369.SH,SW1食品饮料
603517.SH,SW1食品饮料
603536.SH,SW1食品饮料
603589.SH,SW1食品饮料
603696.SH,SW1食品饮料
603697.SH,SW1食品饮料
603711.SH,SW1食品饮料
603719.SH,SW1食品饮料
603755.SH,SW1食品饮料
603777.SH,SW1食品饮料
603779.SH,SW1食品饮料
603866.SH,SW1食品饮料
603886.SH,SW1食品饮料
603919.SH,SW1食品饮料
605089.SH,SW1食品饮料
605179.SH,SW1食品饮料
605300.SH,SW1食品饮料
605337.SH,SW1食品饮料
605338.SH,SW1食品饮料
605339.SH,SW1食品饮料
605388.SH,SW1食品饮料
605499.SH,SW1食品饮料
605567.SH,SW1食品饮料
000529.SZ,SW1食品饮料
000568.SZ,SW1食品饮料
000596.SZ,SW1食品饮料
000639.SZ,SW1食品饮料
000716.SZ,SW1食品饮料
000729.SZ,SW1食品饮料
000752.SZ,SW1食品饮料
000799.SZ,SW1食品饮料
000848.SZ,SW1食品饮料
000858.SZ,SW1食品饮料
000860.SZ,SW1食品饮料
000869.SZ,SW1食品饮料
000895.SZ,SW1食品饮料
000929.SZ,SW1食品饮料
000995.SZ,SW1食品饮料
001215.SZ,SW1食品饮料
001219.SZ,SW1食品饮料
001318.SZ,SW1食品饮料
002216.SZ,SW1食品饮料
002304.SZ,SW1食品饮料
002329.SZ,SW1食品饮料
002330.SZ,SW1食品饮料
002461.SZ,SW1食品饮料
002495.SZ,SW1食品饮料
002507.SZ,SW1食品饮料
002515.SZ,SW1食品饮料
002557.SZ,SW1食品饮料
002568.SZ,SW1食品饮料
002570.SZ,SW1食品饮料
002582.SZ,SW1食品饮料
002626.SZ,SW1食品饮料
002646.SZ,SW1食品饮料
002650.SZ,SW1食品饮料
002661.SZ,SW1食品饮料
002695.SZ,SW1食品饮料
002702.SZ,SW1食品饮料
002719.SZ,SW1食品饮料
002726.SZ,SW1食品饮料
002732.SZ,SW1食品饮料
002820.SZ,SW1食品饮料
002840.SZ,SW1食品饮料
002847.SZ,SW1食品饮料
002910.SZ,SW1食品饮料
002946.SZ,SW1食品饮料
002956.SZ,SW1食品饮料
002991.SZ,SW1食品饮料
003000.SZ,SW1食品饮料
300106.SZ,SW1食品饮料
300146.SZ,SW1食品饮料
300783.SZ,SW1食品饮料
300791.SZ,SW1食品饮料
300892.SZ,SW1食品饮料
300898.SZ,SW1食品饮料
300908.SZ,SW1食品饮料
300915.SZ,SW1食品饮料
300972.SZ,SW1食品饮料
300973.SZ,SW1食品饮料
300997.SZ,SW1食品饮料
